Fan_ID,Age,Gender,County,Membership_Category,Fan_Type,HAS_APP,Email_Campaigns_Received,Email_Opens,Email_Clicks,InApp_Campaigns_Received,InApp_Opens,InApp_Clicks,Article_Views,Ticket_Purchases,Membership_Purchases,Retail_Purchases,Total_Revenue,First_Purchase_Date,Last_Purchase_Date,First_App_Open,Last_App_Open,First_Email_Open,Last_Email_Open,Join_Date,Match_Type_Preference,Attendance_Frequency,Favourite_Player,Preferred_Stand,Travel_Method,Season_Ticket_Years,Hospitality_Interest,Corporate_Package
FAN0001,49,Male,Lancashire,Associate,Avid,No,20,9,3,0,0,0,85,2,2,2,110.38,2019-04-02,2025-10-13,,,2021-01-31,2025-11-26,2024-05-05,The Hundred,4,Sam Curran,Peter May Stand,Train,4,No,No
FAN0002,29,Male,Other,Life Member,Avid,Yes,38,18,5,15,9,4,74,4,5,5,1118.01,2019-02-24,2025-11-18,2020-06-27,2026-02-11,2022-09-25,2026-04-26,2013-02-17,T20,5,Rory Burns,Peter May Stand,Bus,13,No,No
FAN0003,56,Male,Kent,Full Member,Avid,No,31,16,5,0,0,0,64,6,2,3,324.55,2020-06-14,2025-11-08,,,2023-09-01,2025-11-21,2012-02-07,County Championship,3,Jamie Overton,OCS Stand,Bus,7,Yes,Yes
FAN0004,59,Male,Lancashire,Full Member,Casual,No,26,13,4,0,0,0,128,8,1,4,269.0,2020-03-25,2025-06-01,,,2022-09-15,2026-02-27,2022-08-03,County Championship,10,Sam Curran,OCS Stand,Car,0,No,No
FAN0005,15,Male,Surrey,None,Casual,Yes,10,5,1,21,11,3,135,2,0,2,43.47,2021-02-13,2024-05-03,2024-04-03,2025-07-10,2022-09-28,2024-12-28,2023-03-21,County Championship,2,Jason Roy,Bedser Stand,Walk,5,No,No
FAN0006,25,Non-binary,Other,Associate,Family,No,30,11,3,0,0,0,202,4,3,3,195.62,2020-05-31,2024-11-28,,,2019-02-23,2026-02-12,2013-06-27,The Hundred,7,Ben Foakes,Pavilion,Walk,0,No,No
FAN0007,46,Non-binary,Surrey,Associate,Casual,No,12,5,0,0,0,0,15,2,3,3,118.79,2022-01-10,2024-11-20,,,2020-12-19,2025-02-11,2012-03-03,All Formats,1,Dan Worrall,Pavilion,Walk,7,No,No
FAN0008,40,Female,Lancashire,None,Casual,No,19,5,1,0,0,0,84,0,1,0,16.35,2019-05-27,2023-10-26,,,2018-11-19,2024-05-25,2020-04-21,County Championship,2,Dan Worrall,Pavilion,Walk,8,No,No
FAN0009,44,Male,Surrey,None,Casual,No,23,3,1,0,0,0,255,2,2,0,2.37,2022-01-21,2023-07-16,,,2020-02-27,2025-10-01,2024-02-06,The Hundred,0,Sam Curran,Bedser Stand,Car,0,Yes,No
FAN0010,32,Female,Yorkshire,Associate,Avid,No,11,5,0,0,0,0,274,6,1,0,55.53,2020-07-22,2025-01-15,,,2018-11-23,2025-01-18,2024-10-31,County Championship,4,Jason Roy,Peter May Stand,Train,6,No,No
FAN0011,58,Female,Lancashire,None,Casual,No,22,2,0,0,0,0,279,3,1,0,19.64,2022-04-06,2023-12-16,,,2023-02-01,2024-12-03,2012-04-07,County Championship,1,Rory Burns,Peter May Stand,Train,4,No,Yes
FAN0012,56,Male,Kent,Full Member,Casual,No,17,4,1,0,0,0,91,2,3,4,572.1,2021-12-26,2025-11-20,,,2020-12-29,2025-10-27,2018-04-21,T20,13,Will Jacks,Pavilion,Train,8,No,No
FAN0013,45,Male,Warwickshire,Full Member,Casual,Yes,43,6,1,28,13,4,41,2,3,2,492.28,2018-10-20,2025-12-10,2022-12-29,2026-02-15,2019-11-01,2025-12-27,2024-07-14,All Formats,9,Oli Pope,Peter May Stand,Walk,9,Yes,No
FAN0014,61,Male,Surrey,None,Avid,No,43,9,2,0,0,0,59,0,0,1,17.46,2020-06-18,2023-05-22,,,2021-08-21,2025-10-15,2016-01-21,T20,1,Sam Curran,Bedser Stand,Walk,7,Yes,No
FAN0015,52,Male,Yorkshire,Associate,Family,No,5,2,0,0,0,0,39,0,0,0,195.21,2021-07-16,2024-09-23,,,2021-01-01,2026-02-26,2010-09-20,The Hundred,4,Oli Pope,OCS Stand,Train,3,No,No
FAN0016,32,Male,Surrey,Full Member,Corporate,No,32,15,5,0,0,0,286,6,5,0,371.5,2021-07-12,2025-11-19,,,2023-08-07,2026-01-13,2022-09-21,T20,13,Jordan Clark,Peter May Stand,Bus,10,No,No
FAN0017,50,Male,Surrey,Full Member,Avid,Yes,33,11,1,18,12,2,265,6,3,5,310.72,2019-08-09,2025-10-23,2020-10-12,2026-02-14,2020-12-12,2025-10-15,2020-04-16,All Formats,12,Jason Roy,Pavilion,Car,0,No,No
FAN0018,30,Male,Surrey,Life Member,Casual,Yes,22,3,0,21,5,2,243,6,5,5,926.35,2022-06-24,2026-01-04,2021-03-25,2026-04-10,2023-09-19,2026-02-26,2019-08-11,T20,7,Rory Burns,Bedser Stand,Bus,0,No,No
FAN0019,58,Female,England,Associate,Family,Yes,26,9,2,29,12,4,218,4,0,0,81.73,2019-03-26,2025-06-04,2023-07-09,2025-12-22,2022-09-26,2025-05-30,2011-01-21,All Formats,2,Rory Burns,Bedser Stand,Car,0,Yes,No
FAN0020,44,Non-binary,England,Life Member,Avid,Yes,40,12,2,3,0,0,102,10,5,3,1385.64,2022-04-13,2025-12-08,2022-12-19,2026-03-26,2018-02-17,2026-02-02,2018-08-19,The Hundred,8,Dan Worrall,Peter May Stand,Train,4,Yes,Yes
FAN0021,42,Male,Lancashire,None,Family,Yes,22,11,2,29,6,1,142,0,2,1,18.06,2020-12-28,2023-06-13,2021-11-27,2025-08-03,2021-04-17,2024-09-22,2022-01-16,T20,1,Jason Roy,Peter May Stand,Car,0,No,No
FAN0022,34,Female,Lancashire,Associate,Casual,Yes,7,3,0,12,9,2,252,2,4,4,148.7,2018-01-14,2025-02-11,2022-10-22,2025-12-12,2023-09-11,2024-12-19,2020-03-05,The Hundred,2,Rory Burns,Peter May Stand,Train,7,Yes,No
FAN0023,63,Non-binary,Lancashire,None,Corporate,Yes,21,8,1,6,2,0,244,0,0,0,19.45,2021-05-07,2023-06-14,2022-11-05,2024-11-22,2020-03-25,2025-07-08,2024-01-10,The Hundred,2,Oli Pope,Bedser Stand,Car,0,No,No
FAN0024,42,Male,England,Associate,Corporate,Yes,16,6,1,19,7,1,155,2,1,1,185.26,2023-12-13,2025-11-07,2023-05-11,2025-09-29,2023-06-25,2026-03-22,2013-08-16,County Championship,2,Jason Roy,Pavilion,Car,1,No,No
FAN0025,38,Male,Surrey,Associate,Avid,Yes,22,14,4,24,8,4,251,3,0,4,146.36,2021-06-13,2025-03-07,2020-04-28,2025-11-10,2018-11-19,2026-02-16,2018-02-21,T20,8,Jordan Clark,Pavilion,Train,7,No,No
FAN0026,39,Male,England,None,Casual,No,15,8,2,0,0,0,104,1,1,0,24.41,2023-12-22,2024-03-03,,,2019-06-10,2024-08-12,2011-07-21,The Hundred,4,Will Jacks,Peter May Stand,Train,0,No,No
FAN0027,52,Male,Middlesex,Full Member,Casual,Yes,11,4,1,4,1,0,124,6,4,7,252.86,2020-12-21,2025-06-10,2024-11-21,2025-11-14,2022-09-30,2026-03-01,2013-09-14,The Hundred,11,Oli Pope,OCS Stand,Car,7,Yes,No
FAN0028,50,Female,Warwickshire,Associate,Avid,Yes,49,18,4,27,17,2,251,3,1,6,185.29,2021-06-30,2024-09-25,2023-10-07,2025-09-03,2022-11-30,2024-12-26,2014-07-06,County Championship,8,Ben Foakes,Bedser Stand,Train,1,No,No
FAN0029,51,Male,Surrey,None,Casual,Yes,10,1,0,28,10,5,112,0,1,0,27.34,2020-10-12,2024-01-12,2020-05-11,2025-04-09,2018-03-28,2024-04-18,2012-09-18,All Formats,4,Will Jacks,Bedser Stand,Car,4,No,No
FAN0030,51,Male,Lancashire,None,Corporate,Yes,36,23,2,7,1,0,225,2,0,0,14.25,2020-06-21,2024-05-03,2020-05-25,2024-11-10,2018-08-30,2025-04-21,2015-03-01,T20,0,Gus Atkinson,OCS Stand,Car,8,No,No
FAN0031,77,Male,England,Associate,Avid,Yes,37,10,1,27,16,4,135,5,3,0,181.69,2021-09-15,2025-08-27,2022-11-18,2025-11-12,2021-02-14,2025-04-23,2010-09-15,T20,8,Rory Burns,Bedser Stand,Car,10,Yes,No
FAN0032,38,Male,Surrey,Associate,Casual,No,32,8,1,0,0,0,89,2,2,1,58.17,2019-06-26,2024-07-11,,,2020-09-22,2025-02-23,2014-10-22,County Championship,8,Dan Worrall,Pavilion,Train,5,Yes,No
FAN0033,37,Non-binary,England,Associate,Family,No,46,32,4,0,0,0,65,3,2,1,97.11,2020-02-19,2025-08-03,,,2019-02-02,2025-04-28,2019-02-17,T20,7,Gus Atkinson,Pavilion,Walk,0,Yes,No
FAN0034,32,Male,Surrey,None,Casual,Yes,5,2,0,8,2,1,182,1,0,2,26.84,2022-10-01,2023-10-09,2022-08-14,2025-09-02,2019-02-08,2025-10-10,2017-12-12,T20,3,Will Jacks,Bedser Stand,Train,2,No,No
FAN0035,54,Male,Lancashire,Full Member,Casual,No,18,2,0,0,0,0,143,4,3,3,335.93,2019-03-24,2025-10-31,,,2020-02-24,2026-03-07,2017-08-11,County Championship,11,Oli Pope,OCS Stand,Walk,8,No,No
FAN0036,61,Male,Warwickshire,Surrey & England,Corporate,Yes,13,1,0,29,19,6,110,13,10,6,1953.47,2019-07-29,2026-04-09,2021-01-10,2026-04-28,2023-03-10,2026-04-21,2020-01-24,T20,10,Jordan Clark,OCS Stand,Train,0,No,No
FAN0037,43,Male,Surrey,Associate,Casual,Yes,30,3,0,27,17,5,222,1,3,1,89.65,2019-02-06,2025-09-17,2023-08-28,2025-06-10,2018-03-02,2026-02-12,2019-12-10,T20,4,Ben Foakes,Pavilion,Walk,3,No,No
FAN0038,32,Male,Kent,Full Member,Avid,Yes,33,15,5,19,4,1,0,6,2,5,252.03,2022-07-23,2025-07-02,2022-09-12,2026-02-23,2022-07-01,2025-09-05,2013-09-24,The Hundred,3,Jamie Overton,Bedser Stand,Bus,2,Yes,No
FAN0039,32,Male,Lancashire,Life Member,Avid,Yes,45,6,2,8,4,0,27,9,5,3,536.85,2022-04-02,2026-04-06,2022-03-10,2026-03-25,2023-02-07,2026-03-25,2013-09-10,County Championship,18,Rory Burns,OCS Stand,Car,4,No,No
FAN0040,54,Male,Other,Surrey & England,Corporate,No,22,14,3,0,0,0,288,11,6,4,1315.29,2023-06-17,2026-04-27,,,2020-02-17,2026-04-18,2022-06-19,All Formats,14,Gus Atkinson,Pavilion,Car,0,Yes,No
FAN0041,56,Male,Yorkshire,Full Member,Avid,No,15,9,1,0,0,0,199,5,5,7,581.18,2018-09-07,2025-09-28,,,2018-08-23,2026-04-12,2011-04-25,County Championship,12,Jason Roy,Pavilion,Car,0,No,No
FAN0042,53,Female,Surrey,Life Member,Casual,No,46,19,5,0,0,0,164,7,6,4,1075.4,2023-08-22,2025-11-22,,,2019-10-07,2026-04-23,2020-09-10,County Championship,7,Rory Burns,Bedser Stand,Train,8,Yes,Yes
FAN0043,35,Male,Yorkshire,Life Member,Avid,Yes,35,16,1,8,5,0,4,5,5,5,988.96,2018-10-08,2026-03-20,2023-10-14,2026-03-28,2022-07-12,2026-04-15,2014-03-03,T20,12,Oli Pope,Pavilion,Train,10,No,No
FAN0044,48,Male,Surrey,Full Member,Casual,No,39,10,2,0,0,0,179,6,4,3,353.73,2018-06-12,2026-01-25,,,2022-09-14,2025-11-07,2022-12-26,The Hundred,12,Dan Worrall,OCS Stand,Car,0,Yes,No
FAN0045,46,Female,Other,Associate,Corporate,Yes,25,3,0,23,13,4,130,3,0,3,156.26,2023-11-12,2024-12-19,2021-06-18,2025-11-29,2021-07-10,2025-11-29,2022-09-05,T20,5,Jamie Overton,Bedser Stand,Walk,7,No,No
FAN0046,48,Female,Surrey,None,Casual,Yes,25,13,3,18,11,4,179,3,0,4,7.06,2019-06-21,2023-05-29,2023-08-14,2025-04-29,2023-02-16,2025-01-22,2018-11-17,T20,0,Ben Foakes,Peter May Stand,Bus,11,Yes,No
FAN0047,58,Male,Lancashire,None,Corporate,Yes,22,3,0,16,3,0,12,0,1,2,13.81,2023-02-21,2023-06-23,2023-02-27,2025-08-09,2018-10-28,2024-06-09,2010-03-18,All Formats,1,Ben Foakes,Bedser Stand,Car,8,No,No
FAN0048,48,Male,England,Associate,Avid,No,38,5,1,0,0,0,165,6,2,0,148.39,2020-12-22,2025-06-25,,,2021-11-30,2025-01-04,2021-05-07,The Hundred,2,Gus Atkinson,Pavilion,Car,2,Yes,No
FAN0049,55,Male,Surrey,Associate,Casual,No,14,4,1,0,0,0,173,2,0,0,121.86,2022-02-22,2025-01-20,,,2019-10-09,2025-08-19,2015-06-25,The Hundred,5,Ben Foakes,Pavilion,Car,0,No,Yes
FAN0050,46,Male,Warwickshire,Associate,Family,Yes,48,5,1,13,4,1,87,1,1,1,165.51,2023-12-07,2025-10-30,2023-09-29,2025-06-03,2021-05-11,2025-04-26,2023-09-20,T20,2,Will Jacks,OCS Stand,Car,5,No,Yes
FAN0051,49,Female,Yorkshire,Full Member,Casual,No,12,4,1,0,0,0,16,4,5,3,558.84,2020-12-19,2026-01-07,,,2019-03-15,2025-10-16,2013-01-05,T20,11,Sam Curran,OCS Stand,Walk,6,Yes,No
FAN0052,54,Male,Surrey,Full Member,Avid,No,25,13,3,0,0,0,291,2,2,0,529.35,2021-01-20,2025-10-14,,,2020-05-12,2025-10-23,2013-06-27,County Championship,8,Jamie Overton,Pavilion,Train,5,Yes,No
FAN0053,23,Female,Other,Life Member,Family,No,19,11,1,0,0,0,212,12,6,7,684.21,2020-12-17,2025-11-28,,,2023-06-25,2026-03-29,2014-07-26,The Hundred,6,Rory Burns,Bedser Stand,Car,3,No,No
FAN0054,40,Female,Warwickshire,None,Casual,Yes,33,15,4,18,12,6,186,4,1,0,4.57,2022-10-01,2023-12-17,2020-03-31,2025-09-28,2021-09-28,2025-07-31,2012-01-27,County Championship,5,Jordan Clark,Pavilion,Train,0,No,No
FAN0055,37,Male,Surrey,None,Casual,No,35,21,5,0,0,0,230,2,2,3,8.47,2019-10-24,2023-09-23,,,2022-10-18,2024-05-16,2015-11-16,T20,0,Jordan Clark,Peter May Stand,Car,7,No,No
FAN0056,35,Non-binary,Kent,Full Member,Corporate,No,46,15,2,0,0,0,201,4,3,7,513.41,2018-11-05,2025-12-21,,,2018-05-28,2025-09-23,2012-07-05,T20,8,Oli Pope,Bedser Stand,Train,7,Yes,No
FAN0057,40,Male,Kent,Life Member,Avid,No,40,24,4,0,0,0,40,12,5,5,1413.83,2019-08-30,2025-12-17,,,2019-06-07,2026-04-25,2023-01-24,County Championship,14,Jordan Clark,OCS Stand,Train,6,No,Yes
FAN0058,67,Female,Yorkshire,Surrey & England,Casual,Yes,16,6,2,21,10,2,136,11,8,8,2850.9,2018-06-13,2026-03-10,2022-01-02,2026-04-30,2020-10-19,2026-03-25,2018-03-07,The Hundred,11,Jamie Overton,Bedser Stand,Train,5,Yes,No
FAN0059,32,Male,Surrey,Life Member,Avid,No,14,3,0,0,0,0,266,8,4,3,798.22,2022-07-23,2026-02-26,,,2020-08-27,2026-01-10,2017-12-07,T20,10,Ben Foakes,Bedser Stand,Train,15,Yes,No
FAN0060,59,Male,Surrey,Life Member,Casual,Yes,44,29,7,15,9,1,86,11,5,7,1340.34,2022-08-16,2026-03-31,2021-01-02,2026-03-16,2022-08-14,2026-01-18,2013-12-21,T20,12,Dan Worrall,OCS Stand,Walk,1,No,Yes
FAN0061,19,Male,Warwickshire,Associate,Avid,No,26,6,1,0,0,0,291,4,1,1,130.44,2019-10-15,2025-07-20,,,2022-04-16,2025-01-09,2015-12-26,T20,1,Sam Curran,Pavilion,Car,12,No,No
FAN0062,39,Male,Warwickshire,Associate,Family,Yes,9,1,0,22,15,4,19,7,1,0,173.42,2020-06-30,2025-04-17,2024-07-30,2025-07-21,2021-12-03,2025-10-26,2020-07-22,T20,4,Gus Atkinson,Peter May Stand,Walk,0,Yes,No
FAN0063,47,Male,Middlesex,None,Avid,Yes,42,10,2,8,6,0,99,1,1,0,27.42,2018-04-07,2023-06-04,2021-01-30,2025-03-09,2021-09-06,2025-03-01,2015-01-01,County Championship,0,Jason Roy,Pavilion,Car,11,No,No
FAN0064,53,Non-binary,Other,Full Member,Family,Yes,34,10,2,29,17,8,105,5,4,3,258.36,2021-12-09,2025-06-20,2022-03-29,2025-12-02,2021-09-18,2025-08-27,2016-04-05,T20,3,Sam Curran,Pavilion,Car,12,No,No
FAN0065,55,Male,Lancashire,Surrey & England,Avid,Yes,6,1,0,11,7,1,185,10,7,7,1158.44,2020-12-05,2026-04-25,2023-04-04,2026-04-06,2020-12-23,2026-05-04,2012-08-02,The Hundred,11,Dan Worrall,OCS Stand,Walk,3,No,No
FAN0066,56,Male,Middlesex,Associate,Casual,Yes,40,16,5,12,6,2,52,0,2,3,193.58,2022-11-15,2024-11-19,2024-02-01,2025-10-04,2022-11-23,2025-05-25,2023-05-20,The Hundred,2,Will Jacks,OCS Stand,Train,14,Yes,Yes
FAN0067,39,Male,Middlesex,Full Member,Casual,Yes,32,20,2,22,16,4,68,5,5,2,370.32,2020-02-18,2025-10-28,2020-03-31,2025-12-28,2018-01-07,2025-12-12,2018-08-22,All Formats,15,Ben Foakes,Pavilion,Car,7,No,No
FAN0068,38,Male,Kent,None,Family,Yes,32,8,2,3,1,0,198,3,0,4,17.53,2020-03-18,2023-11-02,2022-06-02,2025-08-25,2021-09-14,2025-01-24,2022-01-28,All Formats,5,Dan Worrall,Peter May Stand,Train,0,No,No
FAN0069,57,Male,Kent,None,Casual,Yes,43,17,3,8,5,1,85,2,1,0,17.82,2021-05-15,2023-08-21,2021-09-25,2025-03-04,2021-08-29,2024-10-25,2012-10-17,T20,5,Sam Curran,Peter May Stand,Train,2,No,No
FAN0070,42,Non-binary,Surrey,None,Casual,No,27,8,2,0,0,0,263,1,0,4,18.95,2019-06-06,2024-01-29,,,2022-09-19,2024-11-18,2016-08-19,T20,5,Gus Atkinson,Bedser Stand,Bus,11,Yes,No
FAN0071,25,Male,Yorkshire,None,Family,No,25,14,4,0,0,0,261,0,0,0,47.25,2021-05-17,2023-10-12,,,2018-01-02,2025-02-03,2013-11-26,County Championship,2,Oli Pope,Peter May Stand,Train,10,No,No
FAN0072,28,Male,Surrey,Surrey & England,Casual,No,32,6,1,0,0,0,90,12,6,7,1125.41,2022-10-27,2026-03-17,,,2021-08-12,2026-04-07,2014-09-18,The Hundred,22,Jamie Overton,Bedser Stand,Car,0,No,No
FAN0073,31,Male,Surrey,Associate,Avid,Yes,13,2,0,7,2,0,167,5,3,1,67.86,2020-05-25,2024-06-02,2022-08-27,2025-12-17,2018-12-14,2025-11-06,2019-12-02,T20,6,Jamie Overton,Bedser Stand,Train,4,No,No
FAN0074,52,Male,Yorkshire,Life Member,Corporate,Yes,11,4,1,12,3,1,99,9,5,5,1289.65,2020-08-20,2026-01-17,2021-04-05,2026-04-02,2019-08-27,2026-04-27,2012-02-05,County Championship,6,Rory Burns,Pavilion,Car,6,No,Yes
FAN0075,47,Male,Surrey,Full Member,Casual,No,42,21,5,0,0,0,103,6,5,5,419.76,2023-05-01,2026-01-29,,,2023-02-09,2026-01-08,2015-06-29,T20,13,Rory Burns,OCS Stand,Car,1,No,No
FAN0076,55,Female,Surrey,None,Avid,Yes,14,8,2,28,12,4,201,0,0,3,6.43,2020-03-07,2023-05-16,2022-02-25,2025-01-19,2022-06-25,2025-04-06,2022-11-29,T20,1,Rory Burns,Pavilion,Train,19,No,No
FAN0077,38,Male,Middlesex,None,Casual,Yes,27,12,3,3,0,0,87,3,0,3,1.72,2018-01-23,2024-03-13,2024-05-13,2025-02-24,2020-06-15,2025-06-14,2024-09-18,The Hundred,5,Oli Pope,Peter May Stand,Walk,6,No,No
FAN0078,47,Non-binary,Warwickshire,Life Member,Avid,No,17,9,1,0,0,0,44,2,7,5,724.23,2023-03-18,2026-03-25,,,2020-10-17,2026-01-03,2021-08-14,The Hundred,8,Jason Roy,Bedser Stand,Car,4,Yes,No
FAN0079,54,Male,England,None,Avid,No,15,5,0,0,0,0,77,2,1,1,13.04,2019-07-01,2023-09-12,,,2023-12-16,2024-05-18,2020-03-28,County Championship,4,Jordan Clark,Peter May Stand,Walk,12,Yes,No
FAN0080,40,Male,England,Life Member,Family,Yes,31,3,0,17,9,3,278,14,6,4,514.21,2022-12-18,2025-11-28,2022-05-23,2026-02-16,2023-01-01,2026-01-06,2017-02-12,All Formats,10,Will Jacks,OCS Stand,Train,2,No,No
FAN0081,51,Female,Surrey,None,Avid,No,41,6,1,0,0,0,77,0,1,0,10.8,2023-01-18,2023-12-26,,,2020-10-09,2025-03-03,2020-08-24,T20,4,Oli Pope,OCS Stand,Walk,11,No,No
FAN0082,35,Non-binary,Middlesex,Full Member,Family,Yes,24,2,0,24,19,2,109,5,3,1,495.33,2020-09-06,2025-10-18,2022-06-19,2026-03-30,2021-03-16,2026-02-23,2020-11-13,T20,7,Will Jacks,Pavilion,Car,0,No,No
FAN0083,39,Female,Middlesex,Life Member,Corporate,No,11,3,0,0,0,0,188,8,5,5,1355.43,2021-08-02,2025-11-19,,,2018-11-27,2026-04-13,2017-07-14,County Championship,9,Oli Pope,Pavilion,Car,2,No,No
FAN0084,39,Non-binary,England,None,Casual,Yes,16,6,1,9,5,2,30,0,0,1,44.91,2022-04-18,2023-05-17,2020-11-08,2025-06-12,2018-09-21,2024-10-13,2015-03-10,The Hundred,3,Jamie Overton,Peter May Stand,Car,11,No,No
FAN0085,27,Female,Middlesex,None,Family,Yes,12,3,0,24,9,2,80,3,1,0,19.5,2023-03-24,2023-10-07,2020-05-07,2025-06-16,2022-09-17,2024-11-08,2017-06-03,County Championship,4,Dan Worrall,Pavilion,Car,14,No,No
FAN0086,52,Female,England,Surrey & England,Family,No,44,19,6,0,0,0,52,12,7,7,1638.83,2022-04-08,2026-04-06,,,2018-01-25,2026-04-14,2010-06-10,T20,17,Dan Worrall,Bedser Stand,Car,0,No,No
FAN0087,37,Male,Surrey,None,Corporate,Yes,19,7,1,10,3,0,277,1,2,4,49.99,2022-09-13,2023-08-05,2024-03-10,2024-12-24,2020-06-22,2024-07-30,2018-09-30,All Formats,1,Gus Atkinson,Bedser Stand,Car,0,No,No
FAN0088,45,Female,Other,Associate,Casual,No,21,10,3,0,0,0,279,4,1,4,165.4,2022-11-21,2024-06-28,,,2018-04-29,2025-09-13,2016-02-14,County Championship,6,Oli Pope,Pavilion,Car,8,Yes,No
FAN0089,52,Male,England,Associate,Avid,Yes,8,4,0,15,11,5,226,3,2,0,130.6,2019-11-08,2024-07-17,2020-09-18,2025-06-13,2018-04-21,2024-12-22,2019-01-26,County Championship,7,Jamie Overton,Peter May Stand,Car,1,No,Yes
FAN0090,51,Male,England,None,Casual,No,25,7,1,0,0,0,74,7,1,0,12.74,2018-04-22,2024-03-25,,,2022-10-22,2025-07-26,2023-04-11,The Hundred,3,Gus Atkinson,OCS Stand,Bus,3,No,Yes
FAN0091,54,Female,Surrey,Full Member,Casual,No,46,14,1,0,0,0,184,6,4,4,328.52,2018-07-25,2025-10-25,,,2022-04-02,2026-01-31,2014-01-28,All Formats,6,Will Jacks,OCS Stand,Walk,10,No,No
FAN0092,43,Non-binary,Yorkshire,Full Member,Avid,Yes,23,10,3,28,16,6,198,6,3,0,406.15,2021-08-31,2025-09-16,2024-04-07,2026-01-11,2021-02-13,2025-10-14,2020-03-13,The Hundred,9,Jamie Overton,Bedser Stand,Car,1,No,No
FAN0093,38,Non-binary,Other,Associate,Casual,No,34,15,3,0,0,0,260,0,1,4,131.31,2018-12-02,2024-07-14,,,2018-03-21,2025-03-13,2015-08-29,All Formats,1,Jordan Clark,Bedser Stand,Bus,0,No,No
FAN0094,43,Male,Other,Life Member,Avid,Yes,13,3,1,24,9,1,46,7,6,5,513.68,2020-07-07,2026-03-20,2024-05-18,2026-04-22,2018-05-08,2026-03-30,2017-11-06,T20,11,Will Jacks,Pavilion,Car,0,No,No
FAN0095,19,Female,England,None,Corporate,Yes,11,3,0,3,1,0,220,3,0,4,47.97,2019-09-17,2024-01-05,2020-09-15,2025-01-30,2019-04-14,2024-05-13,2010-06-16,The Hundred,1,Rory Burns,Peter May Stand,Train,5,No,Yes
FAN0096,23,Female,England,None,Avid,Yes,37,19,5,26,7,2,58,0,0,0,28.78,2020-11-15,2023-10-31,2020-12-09,2024-11-23,2019-04-15,2025-06-27,2020-06-06,All Formats,2,Jamie Overton,OCS Stand,Walk,0,Yes,Yes
FAN0097,25,Male,Middlesex,Full Member,Avid,No,7,3,0,0,0,0,170,1,4,5,435.66,2018-04-16,2025-09-29,,,2022-03-18,2026-01-13,2012-06-04,County Championship,14,Will Jacks,Pavilion,Train,3,No,No
FAN0098,30,Male,Surrey,Surrey & England,Avid,No,25,4,1,0,0,0,263,12,8,7,1422.94,2018-11-08,2026-03-30,,,2020-09-21,2026-04-30,2014-06-13,County Championship,17,Jamie Overton,OCS Stand,Car,0,Yes,No
FAN0099,50,Male,Warwickshire,None,Avid,No,19,6,1,0,0,0,18,4,0,0,38.25,2019-05-11,2023-07-22,,,2018-06-18,2024-12-21,2023-06-20,All Formats,4,Oli Pope,OCS Stand,Car,14,No,No
FAN0100,31,Female,Lancashire,None,Avid,No,5,3,0,0,0,0,44,1,2,0,36.86,2022-02-26,2024-04-01,,,2023-09-04,2024-12-27,2019-08-11,T20,0,Jason Roy,Bedser Stand,Train,17,No,No
FAN0101,39,Male,England,Associate,Avid,No,28,3,0,0,0,0,243,2,1,3,64.27,2023-07-01,2025-07-22,,,2022-11-11,2025-09-27,2019-06-04,County Championship,8,Jordan Clark,Bedser Stand,Train,0,Yes,No
FAN0102,64,Non-binary,Middlesex,Life Member,Avid,Yes,48,29,3,17,9,2,5,5,5,7,1094.99,2022-11-19,2026-02-20,2024-02-11,2026-02-20,2021-01-11,2026-02-11,2013-06-07,All Formats,20,Jordan Clark,Bedser Stand,Train,6,Yes,No
FAN0103,39,Male,England,None,Avid,No,8,1,0,0,0,0,205,2,0,4,32.91,2022-11-20,2023-07-08,,,2021-01-04,2025-01-15,2020-06-05,All Formats,1,Jordan Clark,Peter May Stand,Train,0,No,No
FAN0104,56,Non-binary,Surrey,Associate,Casual,No,41,16,6,0,0,0,150,4,0,4,175.34,2021-02-16,2024-08-03,,,2020-09-25,2025-03-12,2011-12-11,All Formats,8,Sam Curran,OCS Stand,Car,3,No,Yes
FAN0105,30,Male,Yorkshire,Full Member,Casual,Yes,29,10,2,21,12,1,103,2,2,2,282.44,2022-04-02,2025-09-16,2020-02-28,2025-12-13,2021-08-24,2026-03-09,2022-10-13,All Formats,10,Sam Curran,Bedser Stand,Train,15,Yes,No
FAN0106,41,Female,Kent,Associate,Casual,No,37,3,0,0,0,0,258,5,1,0,181.65,2021-12-24,2025-02-16,,,2021-10-26,2025-11-08,2014-10-04,T20,5,Dan Worrall,OCS Stand,Car,2,No,No
FAN0107,30,Male,Lancashire,None,Casual,Yes,9,5,2,25,9,1,254,3,2,0,23.07,2018-02-11,2023-08-16,2021-01-26,2025-08-17,2020-09-15,2024-10-21,2022-06-20,All Formats,3,Will Jacks,Peter May Stand,Walk,3,No,No
FAN0108,39,Male,Lancashire,None,Avid,Yes,44,16,1,8,2,1,97,3,0,3,4.83,2020-09-11,2023-05-19,2022-09-02,2025-01-21,2023-01-10,2025-11-24,2022-06-15,County Championship,0,Jason Roy,Bedser Stand,Train,0,Yes,Yes
FAN0109,57,Female,Other,Associate,Avid,Yes,5,3,0,27,9,4,1,4,1,0,65.84,2020-06-26,2024-09-19,2023-11-17,2025-11-09,2021-06-08,2025-04-26,2016-08-07,The Hundred,6,Will Jacks,Peter May Stand,Train,11,No,No
FAN0110,19,Non-binary,Other,Associate,Avid,Yes,45,12,3,17,6,1,38,4,3,4,79.67,2023-12-15,2024-11-20,2022-05-21,2025-06-05,2021-09-16,2025-10-02,2020-08-12,County Championship,8,Jamie Overton,Bedser Stand,Train,0,No,No
FAN0111,51,Female,Kent,Life Member,Family,Yes,34,21,7,11,5,0,32,10,7,7,782.75,2021-06-09,2026-02-01,2021-04-17,2026-04-12,2020-02-28,2026-03-21,2016-01-29,All Formats,8,Sam Curran,Pavilion,Car,2,Yes,No
FAN0112,48,Male,England,Full Member,Corporate,No,20,13,4,0,0,0,294,7,5,4,398.56,2020-01-29,2025-11-29,,,2020-06-05,2025-10-17,2022-01-07,County Championship,10,Oli Pope,Bedser Stand,Car,4,No,No
FAN0113,36,Male,Lancashire,Full Member,Corporate,No,5,2,0,0,0,0,179,2,3,3,499.5,2023-11-19,2025-05-06,,,2021-03-05,2026-03-30,2016-03-15,All Formats,6,Dan Worrall,Peter May Stand,Train,1,No,No
FAN0114,23,Male,Other,Surrey & England,Casual,Yes,32,7,2,23,13,6,203,8,7,9,1373.45,2020-07-20,2026-04-13,2021-01-02,2026-04-27,2018-02-27,2026-04-02,2016-08-23,T20,12,Sam Curran,OCS Stand,Train,10,No,No
FAN0115,46,Male,Surrey,Associate,Casual,Yes,8,4,0,13,3,0,69,1,3,1,198.9,2018-07-06,2025-09-13,2023-02-07,2025-10-15,2019-06-02,2025-05-09,2016-02-26,T20,8,Sam Curran,Peter May Stand,Train,12,No,No
FAN0116,37,Female,Kent,Associate,Casual,Yes,32,13,5,25,10,1,255,2,2,1,74.23,2018-02-20,2025-01-20,2022-08-19,2025-07-11,2022-12-10,2025-10-08,2012-04-20,County Championship,3,Jamie Overton,Bedser Stand,Bus,0,No,No
FAN0117,48,Female,Surrey,Surrey & England,Family,Yes,39,26,9,9,5,0,216,12,7,9,2198.76,2020-10-31,2026-03-07,2024-10-30,2026-04-21,2019-04-13,2026-05-02,2011-02-25,T20,20,Sam Curran,OCS Stand,Car,17,No,No
FAN0118,45,Female,England,None,Family,No,17,6,2,0,0,0,225,2,1,0,46.45,2018-10-31,2023-07-16,,,2018-08-08,2025-07-09,2021-01-11,The Hundred,1,Jordan Clark,Peter May Stand,Car,0,No,No
FAN0119,69,Female,Lancashire,Full Member,Family,Yes,15,3,0,28,9,4,140,8,5,2,533.0,2021-05-29,2026-01-23,2021-05-23,2026-03-19,2022-09-01,2025-11-20,2022-08-16,T20,12,Jordan Clark,OCS Stand,Train,12,Yes,No
FAN0120,41,Female,Surrey,Full Member,Family,No,14,2,0,0,0,0,209,8,3,5,459.16,2020-07-13,2025-06-13,,,2022-04-08,2025-12-30,2023-11-15,County Championship,10,Dan Worrall,Bedser Stand,Car,5,No,No
FAN0121,29,Female,Middlesex,None,Casual,No,15,7,2,0,0,0,163,0,1,0,35.77,2022-10-23,2023-12-02,,,2018-09-04,2025-09-01,2016-09-01,T20,1,Ben Foakes,OCS Stand,Car,1,No,No
FAN0122,47,Male,Middlesex,Associate,Family,No,10,6,1,0,0,0,115,3,2,2,70.13,2020-05-14,2025-02-10,,,2018-11-29,2026-01-10,2024-01-12,T20,4,Ben Foakes,OCS Stand,Bus,2,No,No
FAN0123,48,Male,Middlesex,None,Family,No,16,1,0,0,0,0,178,0,0,0,0.48,2018-11-04,2024-02-16,,,2018-01-11,2024-10-19,2013-11-24,The Hundred,3,Will Jacks,Bedser Stand,Walk,4,Yes,Yes
FAN0124,65,Male,Surrey,None,Casual,Yes,34,18,6,4,1,0,97,1,1,0,21.71,2023-04-09,2023-12-09,2020-03-07,2025-06-03,2021-03-26,2025-02-25,2023-04-27,County Championship,5,Jordan Clark,Bedser Stand,Bus,6,No,No
FAN0125,57,Female,Surrey,Associate,Corporate,No,18,11,3,0,0,0,285,3,0,5,63.43,2018-10-19,2025-03-13,,,2020-12-19,2025-02-21,2020-03-08,T20,4,Ben Foakes,Bedser Stand,Car,0,Yes,Yes
FAN0126,50,Male,Lancashire,None,Avid,No,40,5,1,0,0,0,215,0,0,4,17.89,2019-04-16,2023-08-02,,,2020-07-09,2025-07-12,2019-07-15,T20,2,Gus Atkinson,Pavilion,Car,3,No,Yes
FAN0127,66,Male,Middlesex,Full Member,Corporate,No,41,6,1,0,0,0,221,10,3,5,289.5,2018-10-20,2026-02-05,,,2019-11-11,2025-10-04,2013-03-11,T20,7,Dan Worrall,Peter May Stand,Train,0,No,No
FAN0128,27,Female,Kent,Life Member,Family,No,39,20,2,0,0,0,215,10,6,5,1416.35,2021-03-28,2025-12-15,,,2019-05-25,2026-03-02,2023-05-07,The Hundred,14,Dan Worrall,OCS Stand,Bus,0,Yes,No
FAN0129,35,Male,Warwickshire,Life Member,Avid,No,29,14,2,0,0,0,134,7,5,5,1380.06,2021-01-20,2025-11-29,,,2023-07-16,2026-03-05,2019-01-11,T20,7,Ben Foakes,Peter May Stand,Car,0,No,No
FAN0130,31,Male,England,None,Family,No,19,2,0,0,0,0,285,5,0,3,40.95,2018-06-13,2023-09-28,,,2021-08-13,2024-04-02,2023-06-01,County Championship,2,Oli Pope,Pavilion,Car,0,No,No
FAN0131,39,Female,Warwickshire,None,Avid,Yes,46,27,9,9,6,0,62,0,1,0,35.7,2019-01-10,2024-01-10,2023-10-12,2024-12-09,2018-03-26,2025-03-11,2010-07-31,The Hundred,4,Jamie Overton,Bedser Stand,Car,2,No,No
FAN0132,24,Female,England,None,Family,No,14,5,1,0,0,0,170,1,0,0,7.7,2019-12-19,2023-09-09,,,2023-10-27,2024-09-15,2010-11-26,County Championship,2,Will Jacks,Peter May Stand,Walk,7,No,No
FAN0133,54,Male,England,None,Family,No,25,16,4,0,0,0,20,0,1,4,2.42,2022-11-21,2023-06-16,,,2023-07-08,2025-09-09,2014-01-26,County Championship,3,Jordan Clark,Pavilion,Walk,5,No,No
FAN0134,41,Female,Kent,Surrey & England,Casual,Yes,25,15,3,3,1,0,88,15,9,7,2307.78,2022-07-31,2026-04-15,2021-10-19,2026-04-15,2019-03-05,2026-04-26,2017-10-21,T20,18,Jordan Clark,Pavilion,Train,16,No,No
FAN0135,22,Male,England,Associate,Family,No,38,22,6,0,0,0,172,2,1,5,146.34,2023-07-23,2025-01-16,,,2022-06-29,2025-02-08,2019-03-27,All Formats,1,Sam Curran,Peter May Stand,Car,0,Yes,No
FAN0136,29,Female,England,None,Avid,Yes,29,11,4,16,11,2,146,1,0,0,18.47,2018-12-27,2023-11-27,2021-05-31,2025-04-17,2019-04-20,2024-10-24,2020-03-14,County Championship,4,Jordan Clark,Peter May Stand,Train,7,No,No
FAN0137,49,Male,England,Life Member,Avid,No,40,10,3,0,0,0,282,11,6,7,972.69,2023-03-08,2025-12-22,,,2018-08-11,2026-04-06,2010-01-10,T20,16,Gus Atkinson,OCS Stand,Train,5,No,No
FAN0138,57,Male,Surrey,Associate,Casual,Yes,46,18,4,24,13,3,184,4,0,6,123.37,2023-08-04,2024-08-12,2024-04-05,2026-02-15,2020-04-13,2025-11-15,2023-12-19,All Formats,3,Jordan Clark,Bedser Stand,Car,9,No,No
FAN0139,74,Male,Middlesex,None,Avid,Yes,22,3,1,27,7,1,123,1,1,1,12.0,2022-11-30,2023-05-15,2022-09-19,2025-07-29,2018-04-29,2025-04-10,2016-06-17,The Hundred,5,Jamie Overton,Pavilion,Car,9,No,No
FAN0140,80,Male,England,None,Casual,No,44,21,5,0,0,0,128,3,4,0,15.71,2021-06-26,2023-07-29,,,2018-02-26,2024-05-25,2013-07-21,The Hundred,3,Dan Worrall,Bedser Stand,Train,4,Yes,Yes
FAN0141,51,Female,Lancashire,Full Member,Avid,Yes,12,2,0,3,2,1,183,11,3,1,367.36,2020-07-09,2026-01-08,2022-08-03,2026-03-19,2019-09-23,2025-12-18,2012-02-03,All Formats,14,Ben Foakes,Pavilion,Car,6,No,No
FAN0142,30,Male,Middlesex,Full Member,Casual,Yes,46,18,6,6,2,0,237,6,3,6,441.27,2023-09-16,2025-10-19,2022-04-30,2025-12-16,2023-04-19,2026-02-21,2016-07-18,T20,10,Jamie Overton,OCS Stand,Bus,0,Yes,No
FAN0143,13,Male,England,None,Casual,Yes,13,1,0,21,5,1,82,1,1,0,47.79,2019-08-16,2023-10-23,2021-01-25,2024-11-27,2023-09-13,2025-07-25,2022-05-13,All Formats,0,Will Jacks,Peter May Stand,Train,8,Yes,No
FAN0144,49,Male,England,Life Member,Family,Yes,43,12,2,18,9,3,175,9,7,5,1038.48,2022-08-27,2026-01-09,2024-06-01,2026-02-22,2020-12-30,2026-01-15,2016-03-13,The Hundred,5,Sam Curran,Bedser Stand,Car,0,No,No
FAN0145,32,Female,Warwickshire,Life Member,Avid,No,22,5,1,0,0,0,172,11,6,3,1231.16,2021-05-07,2025-11-07,,,2023-06-29,2026-01-10,2016-05-06,County Championship,9,Dan Worrall,Pavilion,Train,9,No,No
FAN0146,38,Female,Middlesex,Life Member,Family,No,48,22,5,0,0,0,2,7,3,9,1307.0,2023-06-07,2026-01-08,,,2021-09-23,2026-02-19,2020-01-07,T20,17,Jamie Overton,OCS Stand,Train,4,Yes,No
FAN0147,35,Non-binary,Kent,None,Casual,Yes,10,5,1,17,6,2,273,0,1,3,5.68,2021-08-11,2024-01-31,2023-11-29,2025-05-30,2022-04-18,2025-04-16,2020-03-19,T20,3,Sam Curran,OCS Stand,Car,2,No,No
FAN0148,42,Male,Middlesex,None,Casual,No,25,3,1,0,0,0,170,0,3,0,32.66,2021-07-27,2023-09-07,,,2022-04-11,2024-11-11,2010-12-24,All Formats,5,Sam Curran,Pavilion,Train,3,No,No
FAN0149,60,Male,England,Life Member,Casual,Yes,45,27,6,12,4,1,72,6,6,3,982.11,2019-09-16,2025-12-01,2020-03-16,2026-04-11,2023-08-20,2026-02-14,2024-08-16,T20,15,Jamie Overton,Bedser Stand,Car,4,Yes,No
FAN0150,47,Male,Surrey,Associate,Casual,No,7,4,0,0,0,0,190,1,0,5,135.86,2022-12-09,2025-07-28,,,2023-11-25,2024-12-20,2012-04-02,T20,8,Jason Roy,Pavilion,Car,12,No,No
FAN0151,42,Male,Lancashire,Full Member,Avid,Yes,16,4,1,29,11,3,203,5,4,3,215.37,2019-08-14,2025-08-10,2024-11-18,2026-03-10,2018-11-03,2025-12-25,2010-05-06,The Hundred,15,Sam Curran,Bedser Stand,Train,24,No,No
FAN0152,29,Non-binary,Surrey,Full Member,Casual,Yes,8,3,0,23,5,2,274,9,2,1,562.49,2021-10-18,2025-08-16,2023-08-23,2026-03-29,2021-09-07,2025-09-18,2015-12-12,The Hundred,13,Dan Worrall,Pavilion,Train,12,No,No
FAN0153,19,Female,Middlesex,None,Avid,Yes,19,6,2,15,5,0,10,2,2,0,47.64,2022-04-06,2023-11-26,2023-07-07,2025-01-23,2018-05-28,2025-10-02,2021-12-20,T20,1,Dan Worrall,OCS Stand,Car,1,Yes,Yes
FAN0154,37,Male,Kent,Full Member,Casual,No,22,4,0,0,0,0,124,4,3,2,201.39,2021-03-23,2025-11-11,,,2019-01-06,2026-01-03,2024-02-27,All Formats,4,Jordan Clark,Bedser Stand,Car,8,No,No
FAN0155,44,Male,Middlesex,Surrey & England,Casual,Yes,32,13,3,22,6,0,54,10,8,5,1425.58,2019-02-16,2026-04-08,2020-12-06,2026-04-14,2021-05-11,2026-05-05,2024-03-19,County Championship,9,Dan Worrall,OCS Stand,Train,9,No,No
FAN0156,71,Non-binary,Kent,Full Member,Casual,Yes,16,2,0,17,4,0,172,8,3,2,272.08,2018-08-18,2025-10-08,2022-01-04,2026-01-13,2022-10-31,2026-03-18,2017-04-11,All Formats,6,Dan Worrall,OCS Stand,Car,0,Yes,No
FAN0157,46,Male,Surrey,Associate,Family,No,12,7,2,0,0,0,150,5,1,3,167.2,2022-08-15,2025-05-07,,,2019-11-28,2026-01-01,2021-11-30,T20,2,Rory Burns,OCS Stand,Bus,0,Yes,No
FAN0158,59,Male,Surrey,Life Member,Avid,No,12,7,1,0,0,0,142,9,7,5,1098.08,2022-04-16,2026-02-04,,,2023-08-01,2026-01-04,2023-09-02,T20,9,Gus Atkinson,Pavilion,Train,4,No,No
FAN0159,37,Male,Surrey,Associate,Corporate,Yes,47,27,10,18,13,4,294,2,2,2,76.6,2023-03-04,2025-02-20,2022-07-30,2025-11-03,2018-02-08,2024-12-26,2015-03-18,The Hundred,8,Jamie Overton,Bedser Stand,Walk,9,Yes,Yes
FAN0160,27,Male,Middlesex,Full Member,Family,No,47,20,5,0,0,0,159,8,3,2,525.59,2019-10-10,2026-01-29,,,2022-12-15,2025-08-26,2016-06-14,T20,8,Jordan Clark,Peter May Stand,Car,0,No,No
FAN0161,30,Male,England,Life Member,Corporate,No,14,6,1,0,0,0,123,7,4,6,853.47,2021-05-10,2025-12-19,,,2020-10-21,2026-03-03,2023-03-07,County Championship,14,Sam Curran,OCS Stand,Walk,0,No,No
FAN0162,34,Male,England,Full Member,Family,Yes,13,8,2,4,2,0,20,6,2,7,384.34,2022-04-25,2025-07-03,2020-08-06,2026-02-17,2022-04-12,2025-11-29,2014-06-20,T20,8,Jordan Clark,OCS Stand,Car,8,No,No
FAN0163,76,Male,England,None,Avid,No,7,1,0,0,0,0,86,6,0,0,19.37,2021-04-26,2023-05-14,,,2021-04-24,2025-11-19,2022-11-22,The Hundred,5,Rory Burns,OCS Stand,Car,5,No,No
FAN0164,32,Male,England,None,Casual,Yes,48,6,1,20,15,1,269,1,1,1,26.07,2021-01-29,2024-05-02,2023-03-05,2025-09-04,2023-07-28,2025-02-21,2018-11-17,All Formats,1,Oli Pope,Pavilion,Car,13,No,Yes
FAN0165,57,Male,Middlesex,None,Avid,No,36,15,2,0,0,0,135,0,1,0,24.01,2021-12-14,2024-01-15,,,2020-02-18,2025-03-30,2023-08-14,All Formats,5,Jordan Clark,OCS Stand,Car,0,No,Yes
FAN0166,31,Male,Surrey,Associate,Family,Yes,39,11,2,4,1,0,273,3,1,5,91.19,2019-07-15,2025-07-31,2023-07-09,2026-02-21,2021-06-19,2025-02-21,2024-10-14,All Formats,8,Rory Burns,Pavilion,Bus,19,No,No
FAN0167,58,Non-binary,Other,Associate,Casual,No,18,5,1,0,0,0,159,2,3,1,113.68,2022-02-03,2025-06-26,,,2019-01-05,2024-12-21,2010-10-01,All Formats,5,Rory Burns,Peter May Stand,Train,0,No,No
FAN0168,50,Female,England,Full Member,Avid,Yes,33,3,0,27,19,8,164,3,3,6,563.33,2022-08-29,2025-12-08,2021-02-15,2026-03-16,2022-02-07,2025-12-10,2017-04-30,County Championship,11,Dan Worrall,Pavilion,Train,0,No,No
FAN0169,42,Male,Lancashire,Associate,Corporate,Yes,7,3,0,9,5,1,128,4,1,1,125.43,2019-11-05,2025-02-17,2024-08-15,2025-07-10,2021-04-23,2025-03-14,2016-02-11,County Championship,6,Gus Atkinson,Bedser Stand,Train,4,No,No
FAN0170,44,Male,Surrey,Full Member,Avid,No,35,9,1,0,0,0,166,8,2,5,566.55,2023-04-03,2026-01-28,,,2019-07-31,2025-10-13,2012-08-01,All Formats,6,Dan Worrall,Bedser Stand,Train,0,No,No
FAN0171,35,Female,Surrey,Life Member,Casual,Yes,31,6,1,26,9,3,20,8,6,7,1050.13,2022-02-07,2026-03-14,2024-06-07,2026-03-08,2018-02-27,2026-03-28,2018-11-30,All Formats,8,Oli Pope,OCS Stand,Train,4,Yes,No
FAN0172,51,Male,Warwickshire,None,Family,No,19,2,0,0,0,0,17,0,3,0,38.44,2022-02-18,2023-05-28,,,2020-12-09,2024-04-22,2020-03-14,All Formats,3,Oli Pope,OCS Stand,Walk,4,No,No
FAN0173,38,Male,Other,Full Member,Avid,No,36,11,3,0,0,0,142,4,2,6,317.44,2022-03-02,2026-01-11,,,2020-08-15,2025-12-25,2024-04-27,The Hundred,3,Will Jacks,Pavilion,Train,3,No,No
FAN0174,26,Non-binary,Warwickshire,Full Member,Casual,No,34,21,3,0,0,0,179,5,3,2,516.17,2021-09-05,2025-11-14,,,2018-09-16,2025-11-13,2023-11-24,T20,10,Jason Roy,Pavilion,Train,0,No,No
FAN0175,25,Male,England,Associate,Family,Yes,24,7,2,21,12,6,165,1,3,3,89.65,2022-07-31,2025-07-11,2020-10-13,2026-02-18,2018-06-02,2025-10-27,2016-10-11,All Formats,8,Will Jacks,OCS Stand,Car,7,Yes,No
FAN0176,47,Female,Surrey,None,Avid,No,13,6,1,0,0,0,128,0,0,0,0.98,2019-02-03,2024-01-07,,,2019-07-10,2024-11-09,2012-08-09,All Formats,3,Oli Pope,Bedser Stand,Bus,3,No,No
FAN0177,68,Male,Lancashire,Full Member,Casual,Yes,6,3,0,19,9,2,88,9,4,4,264.29,2022-09-13,2025-05-11,2024-02-29,2026-03-10,2022-08-27,2025-11-08,2018-04-28,The Hundred,4,Jordan Clark,Pavilion,Car,11,No,No
FAN0178,47,Female,Surrey,Surrey & England,Avid,Yes,47,13,5,23,11,4,212,12,9,7,1043.31,2022-07-30,2026-03-07,2021-07-26,2026-05-05,2022-02-26,2026-04-23,2020-12-22,All Formats,22,Dan Worrall,Pavilion,Car,3,No,No
FAN0179,43,Male,Lancashire,Full Member,Family,No,17,10,1,0,0,0,181,7,4,4,578.83,2020-08-25,2025-09-03,,,2019-02-11,2025-10-31,2019-12-22,County Championship,8,Gus Atkinson,Bedser Stand,Walk,0,No,Yes
FAN0180,49,Male,Yorkshire,Life Member,Avid,No,18,9,2,0,0,0,14,10,6,3,1499.98,2022-01-09,2026-03-22,,,2022-06-19,2026-03-26,2022-03-19,All Formats,11,Jamie Overton,Peter May Stand,Car,0,Yes,No
FAN0181,64,Male,Yorkshire,Surrey & England,Corporate,Yes,35,15,5,23,10,1,135,13,9,8,2524.46,2023-02-06,2026-05-01,2023-09-19,2026-04-30,2018-03-29,2026-05-03,2012-09-27,T20,18,Gus Atkinson,Peter May Stand,Car,3,Yes,No
FAN0182,48,Male,Middlesex,Associate,Family,Yes,16,1,0,17,6,1,213,2,3,2,66.22,2019-05-31,2025-04-11,2020-05-20,2025-06-03,2020-04-28,2025-06-04,2015-06-19,All Formats,4,Dan Worrall,Peter May Stand,Car,0,No,No
FAN0183,38,Female,Lancashire,Full Member,Avid,No,21,2,0,0,0,0,235,6,3,2,559.58,2021-09-07,2025-12-22,,,2018-01-12,2026-02-13,2015-03-24,T20,5,Dan Worrall,Pavilion,Train,0,Yes,No
FAN0184,61,Male,England,Associate,Casual,No,37,25,3,0,0,0,86,2,1,1,161.57,2020-10-23,2025-05-13,,,2019-03-27,2025-04-27,2012-11-30,County Championship,1,Will Jacks,OCS Stand,Bus,8,No,No
FAN0185,51,Male,England,Surrey & England,Casual,Yes,31,17,4,27,10,1,277,12,7,8,1664.49,2018-03-02,2026-04-14,2024-06-05,2026-04-11,2020-09-01,2026-03-30,2012-12-15,T20,18,Gus Atkinson,OCS Stand,Walk,0,No,Yes
FAN0186,68,Female,Yorkshire,None,Family,No,34,22,8,0,0,0,195,2,1,0,25.11,2019-12-15,2023-12-23,,,2018-08-03,2025-08-04,2010-05-10,County Championship,5,Jason Roy,Pavilion,Train,13,Yes,Yes
FAN0187,47,Female,Kent,Associate,Casual,Yes,5,3,1,29,13,6,131,2,0,1,149.26,2023-11-25,2025-07-14,2024-03-07,2026-02-09,2023-05-05,2025-08-14,2019-06-11,T20,6,Jason Roy,Pavilion,Bus,5,No,No
FAN0188,26,Male,Surrey,Life Member,Avid,Yes,25,2,0,23,6,0,188,6,5,3,524.05,2019-03-23,2025-12-12,2022-10-28,2026-03-30,2018-06-27,2026-01-27,2021-07-06,All Formats,14,Will Jacks,OCS Stand,Train,4,No,No
FAN0189,24,Male,Surrey,None,Avid,No,26,14,3,0,0,0,261,1,1,5,25.08,2018-05-08,2024-04-05,,,2023-05-16,2024-10-26,2020-04-10,County Championship,3,Ben Foakes,OCS Stand,Walk,0,No,No
FAN0190,69,Non-binary,Middlesex,Full Member,Corporate,No,33,12,2,0,0,0,68,5,3,6,492.96,2023-07-02,2025-07-23,,,2018-10-29,2025-09-06,2012-06-03,All Formats,4,Jamie Overton,OCS Stand,Car,9,Yes,No
FAN0191,70,Female,Middlesex,Associate,Casual,Yes,11,6,0,13,4,0,45,0,2,2,78.23,2019-08-31,2025-09-01,2020-09-15,2025-10-24,2021-08-24,2025-09-17,2017-03-23,T20,5,Ben Foakes,Bedser Stand,Train,4,Yes,No
FAN0192,42,Female,Yorkshire,Surrey & England,Family,Yes,12,1,0,15,8,4,132,13,10,10,1887.58,2023-09-02,2026-03-29,2022-05-31,2026-05-03,2019-04-14,2026-03-26,2020-03-05,T20,25,Oli Pope,Pavilion,Car,0,No,No
FAN0193,39,Non-binary,Surrey,Life Member,Casual,Yes,39,10,1,24,17,8,25,10,5,2,1032.53,2022-10-28,2025-12-12,2024-12-23,2026-03-29,2022-08-22,2026-03-18,2014-10-28,The Hundred,19,Will Jacks,OCS Stand,Car,6,Yes,No
FAN0194,66,Female,Surrey,Associate,Corporate,No,35,19,3,0,0,0,250,8,1,0,160.33,2022-08-31,2025-08-02,,,2021-07-04,2025-08-25,2018-12-11,The Hundred,6,Will Jacks,Bedser Stand,Train,0,No,Yes
FAN0195,28,Male,Kent,Full Member,Avid,Yes,41,23,3,14,4,1,291,5,5,3,585.78,2020-11-10,2025-08-28,2020-11-08,2025-12-18,2018-10-02,2026-04-01,2024-12-01,County Championship,4,Gus Atkinson,Peter May Stand,Car,0,No,No
FAN0196,31,Male,Surrey,Associate,Avid,Yes,17,8,2,6,2,0,181,1,2,0,177.24,2022-11-04,2025-08-01,2024-03-04,2025-09-04,2019-06-17,2025-06-20,2012-02-03,All Formats,1,Gus Atkinson,Pavilion,Train,0,No,No
FAN0197,54,Male,Yorkshire,Full Member,Corporate,No,49,13,2,0,0,0,293,3,5,3,448.61,2021-09-12,2026-01-04,,,2022-08-10,2026-01-24,2023-02-26,All Formats,13,Jason Roy,Pavilion,Train,7,No,No
FAN0198,39,Female,Lancashire,Full Member,Corporate,Yes,17,4,1,14,7,1,20,6,4,4,433.46,2018-07-30,2025-10-11,2023-05-14,2026-01-29,2021-12-11,2026-03-29,2019-06-27,County Championship,12,Gus Atkinson,Pavilion,Car,4,Yes,No
FAN0199,44,Non-binary,England,Life Member,Casual,No,34,23,3,0,0,0,189,9,5,7,1103.19,2020-05-21,2026-02-26,,,2023-05-30,2026-04-02,2021-05-19,All Formats,8,Jamie Overton,Pavilion,Train,11,No,No
FAN0200,42,Male,England,None,Casual,Yes,12,4,1,10,4,0,132,0,0,0,27.26,2022-02-14,2024-03-09,2024-04-10,2025-05-10,2020-07-15,2024-09-28,2017-11-08,The Hundred,4,Dan Worrall,Pavilion,Train,0,No,Yes
FAN0201,50,Male,Surrey,None,Casual,No,46,16,2,0,0,0,83,1,0,1,2.97,2018-04-18,2023-06-30,,,2020-12-31,2025-11-12,2023-12-12,The Hundred,1,Sam Curran,Peter May Stand,Walk,8,No,No
FAN0202,66,Male,Warwickshire,Full Member,Casual,Yes,19,8,2,6,2,0,93,2,2,4,479.32,2021-06-19,2025-09-15,2021-12-19,2026-04-17,2020-01-14,2025-09-14,2016-02-17,County Championship,5,Gus Atkinson,Peter May Stand,Car,4,Yes,No
FAN0203,46,Non-binary,Yorkshire,Full Member,Avid,Yes,41,14,2,13,7,1,163,7,4,4,486.53,2022-06-30,2026-01-31,2020-10-17,2025-11-07,2018-05-06,2026-04-01,2022-09-14,T20,14,Gus Atkinson,Pavilion,Bus,0,Yes,No
FAN0204,54,Male,England,Associate,Family,Yes,19,8,1,16,3,1,192,1,0,0,126.87,2020-05-31,2024-10-18,2022-05-09,2025-07-24,2021-10-28,2026-01-10,2021-11-24,T20,6,Ben Foakes,Peter May Stand,Walk,7,No,No
FAN0205,14,Male,Warwickshire,None,Avid,No,40,14,2,0,0,0,49,1,2,3,43.52,2021-08-21,2023-07-21,,,2018-12-14,2025-10-19,2016-12-27,The Hundred,1,Ben Foakes,Peter May Stand,Train,4,Yes,No
FAN0206,44,Male,Kent,Associate,Family,No,25,14,1,0,0,0,184,0,2,1,150.87,2018-07-23,2025-08-16,,,2021-01-19,2025-08-17,2013-07-13,The Hundred,7,Rory Burns,OCS Stand,Car,1,No,Yes
FAN0207,32,Male,Kent,Life Member,Avid,Yes,7,4,0,28,9,1,277,7,5,9,862.66,2022-12-16,2025-12-21,2021-07-13,2026-03-31,2023-09-30,2026-04-16,2020-11-22,County Championship,16,Ben Foakes,Pavilion,Train,5,No,No
FAN0208,26,Male,Other,None,Avid,Yes,13,8,2,18,10,1,3,0,0,0,0.98,2019-03-31,2023-12-13,2023-10-20,2024-11-30,2023-06-17,2024-06-20,2019-08-23,The Hundred,5,Will Jacks,Bedser Stand,Walk,4,No,No
FAN0209,31,Male,England,Associate,Family,No,35,15,4,0,0,0,263,2,2,3,58.87,2018-07-06,2025-03-27,,,2022-06-07,2025-05-29,2016-12-01,T20,1,Gus Atkinson,Pavilion,Car,4,No,Yes
FAN0210,39,Male,Surrey,Surrey & England,Casual,Yes,13,4,0,7,2,1,182,12,7,7,1703.6,2020-04-17,2026-04-17,2021-03-08,2026-04-12,2019-07-17,2026-04-20,2010-03-04,T20,17,Jason Roy,Pavilion,Bus,2,No,No
FAN0211,58,Male,Yorkshire,None,Family,Yes,17,8,2,14,10,4,102,4,0,0,23.11,2019-05-07,2024-05-03,2022-10-15,2025-02-21,2019-12-21,2025-08-01,2017-05-11,All Formats,3,Jason Roy,Pavilion,Bus,0,Yes,No
FAN0212,25,Male,England,Full Member,Avid,No,29,17,4,0,0,0,220,7,5,5,266.75,2020-07-31,2025-06-24,,,2021-12-21,2026-04-06,2021-12-11,County Championship,9,Will Jacks,Bedser Stand,Train,5,No,No
FAN0213,45,Male,Lancashire,None,Corporate,Yes,16,7,1,22,7,1,185,3,1,0,9.47,2022-11-22,2024-04-27,2022-07-30,2025-08-21,2021-07-06,2024-05-01,2010-12-13,T20,3,Jamie Overton,Pavilion,Train,0,No,No
FAN0214,37,Male,Surrey,Life Member,Family,Yes,10,5,1,8,5,2,230,11,5,0,730.21,2022-07-15,2025-12-21,2021-08-15,2026-04-13,2022-07-18,2026-04-28,2022-11-11,County Championship,15,Sam Curran,Bedser Stand,Train,0,No,No
FAN0215,40,Female,England,Full Member,Family,Yes,33,18,2,22,14,4,24,7,4,0,512.21,2023-02-28,2025-09-03,2020-06-29,2025-12-28,2019-03-10,2026-02-21,2013-11-08,County Championship,9,Rory Burns,OCS Stand,Walk,3,No,No
FAN0216,60,Male,Surrey,Life Member,Avid,Yes,36,18,3,27,16,2,17,8,6,8,1271.29,2022-06-29,2025-11-23,2020-06-10,2026-03-08,2021-06-24,2026-01-25,2023-03-18,The Hundred,15,Rory Burns,Peter May Stand,Walk,9,No,No
FAN0217,53,Male,Surrey,None,Casual,Yes,37,20,4,9,2,0,192,3,1,3,19.15,2021-09-26,2024-02-10,2020-06-05,2025-01-11,2019-04-13,2024-06-16,2014-12-21,All Formats,4,Ben Foakes,OCS Stand,Car,6,No,No
FAN0218,65,Male,England,Associate,Casual,No,47,10,4,0,0,0,91,5,1,5,75.85,2021-12-02,2024-11-13,,,2019-08-28,2025-12-01,2014-05-08,County Championship,2,Ben Foakes,OCS Stand,Car,1,Yes,No
FAN0219,42,Male,England,Full Member,Casual,No,10,3,1,0,0,0,71,7,6,3,244.36,2020-11-14,2025-11-26,,,2019-12-12,2025-11-21,2013-04-14,County Championship,5,Rory Burns,OCS Stand,Car,1,No,No
FAN0220,34,Male,Warwickshire,None,Avid,Yes,24,10,4,17,5,0,126,0,0,0,4.36,2018-11-05,2024-02-06,2024-05-01,2024-11-12,2023-07-17,2024-08-23,2024-09-13,County Championship,4,Will Jacks,Pavilion,Bus,8,No,No
FAN0221,41,Male,Surrey,None,Avid,No,15,1,0,0,0,0,217,0,2,0,19.56,2023-01-13,2023-05-24,,,2021-08-16,2025-01-22,2022-12-31,County Championship,1,Dan Worrall,Bedser Stand,Car,0,No,No
FAN0222,48,Female,Surrey,None,Casual,Yes,45,27,3,11,7,1,53,0,0,1,2.28,2018-10-07,2023-09-09,2022-06-24,2024-11-10,2021-05-25,2025-03-05,2019-11-12,County Championship,4,Gus Atkinson,Peter May Stand,Walk,9,No,No
FAN0223,47,Male,England,Surrey & England,Avid,No,29,13,2,0,0,0,291,13,8,5,1667.27,2021-12-12,2026-04-04,,,2018-10-31,2026-04-17,2011-04-06,T20,22,Gus Atkinson,Pavilion,Train,0,No,No
FAN0224,28,Male,Surrey,Full Member,Casual,Yes,9,1,0,9,2,0,126,5,4,7,584.61,2018-06-04,2026-02-06,2022-01-25,2026-02-04,2018-11-11,2025-11-10,2020-02-20,All Formats,4,Jason Roy,OCS Stand,Car,0,No,No
FAN0225,46,Male,Surrey,Full Member,Avid,No,36,21,2,0,0,0,45,8,5,8,403.0,2023-09-08,2025-08-23,,,2023-03-11,2025-11-27,2023-10-18,County Championship,11,Jamie Overton,Pavilion,Bus,1,No,No
FAN0226,48,Male,Yorkshire,Full Member,Avid,Yes,6,3,0,15,6,2,21,8,3,4,529.06,2023-01-17,2025-05-19,2023-08-27,2026-03-01,2021-08-09,2025-11-21,2010-12-03,County Championship,10,Sam Curran,OCS Stand,Train,18,No,No
FAN0227,80,Male,Surrey,Associate,Casual,Yes,17,9,2,5,2,0,257,5,3,1,69.39,2019-09-10,2025-09-05,2022-07-11,2026-01-20,2021-11-07,2025-03-31,2021-03-31,T20,2,Sam Curran,Pavilion,Car,15,No,No
FAN0228,73,Female,Warwickshire,Associate,Casual,Yes,37,12,2,25,18,2,33,5,3,0,90.21,2019-12-08,2025-09-28,2021-05-22,2025-08-01,2022-12-05,2025-07-06,2021-04-26,All Formats,3,Dan Worrall,Bedser Stand,Car,9,Yes,No
FAN0229,32,Female,Warwickshire,Associate,Casual,Yes,27,16,2,16,4,1,125,0,1,5,191.98,2022-03-08,2025-01-22,2022-03-04,2025-08-16,2021-10-17,2025-04-18,2018-03-01,T20,1,Dan Worrall,OCS Stand,Car,7,Yes,No
FAN0230,40,Male,England,Full Member,Casual,Yes,39,13,4,27,8,2,200,6,4,4,353.42,2021-10-02,2026-02-02,2021-11-06,2026-03-25,2022-05-03,2026-02-11,2024-02-25,County Championship,7,Oli Pope,Peter May Stand,Car,0,No,No
FAN0231,23,Male,England,None,Family,No,30,13,2,0,0,0,153,0,0,0,32.42,2019-09-08,2023-11-18,,,2018-11-30,2024-04-24,2024-09-22,All Formats,5,Dan Worrall,OCS Stand,Car,5,No,Yes
FAN0232,36,Male,England,Life Member,Casual,No,42,4,1,0,0,0,78,5,5,6,1476.13,2021-12-03,2026-01-17,,,2022-05-25,2026-04-14,2013-03-04,County Championship,7,Ben Foakes,Bedser Stand,Train,1,No,No
FAN0233,49,Male,Yorkshire,Life Member,Casual,Yes,30,14,2,16,7,3,32,8,7,4,1050.79,2022-03-23,2026-01-12,2024-07-23,2026-04-11,2023-11-27,2026-04-19,2016-12-11,All Formats,18,Dan Worrall,Peter May Stand,Car,0,Yes,No
FAN0234,63,Female,England,Associate,Corporate,No,7,3,0,0,0,0,213,5,0,2,95.8,2022-01-22,2025-10-20,,,2022-01-25,2025-10-24,2021-05-28,T20,3,Jason Roy,Peter May Stand,Car,5,Yes,No
FAN0235,34,Male,Warwickshire,Full Member,Casual,No,8,3,0,0,0,0,147,6,3,1,412.78,2021-10-31,2025-07-02,,,2020-02-26,2026-02-26,2014-10-21,The Hundred,5,Dan Worrall,Bedser Stand,Car,2,No,Yes
FAN0236,35,Male,Middlesex,None,Corporate,No,39,15,3,0,0,0,14,5,2,3,2.73,2018-11-13,2023-12-07,,,2019-02-19,2024-07-10,2013-06-23,All Formats,4,Dan Worrall,Bedser Stand,Train,10,No,No
FAN0237,12,Non-binary,Middlesex,Surrey & England,Family,No,6,3,0,0,0,0,54,12,8,7,1224.74,2018-06-04,2026-03-25,,,2021-10-11,2026-03-28,2021-10-23,County Championship,12,Jamie Overton,OCS Stand,Bus,0,No,No
FAN0238,42,Male,Kent,Life Member,Avid,No,21,10,1,0,0,0,168,13,8,8,507.17,2022-03-24,2026-02-26,,,2019-10-27,2026-04-07,2023-05-25,The Hundred,10,Rory Burns,OCS Stand,Car,5,No,No
FAN0239,29,Male,Other,Surrey & England,Casual,Yes,5,1,0,17,12,2,50,12,7,7,2768.42,2018-06-28,2026-04-10,2022-01-16,2026-04-15,2020-08-30,2026-04-08,2019-10-26,County Championship,17,Ben Foakes,Pavilion,Car,0,No,No
FAN0240,37,Female,England,Associate,Family,No,18,12,2,0,0,0,117,3,2,1,150.69,2020-08-16,2024-05-10,,,2020-09-06,2025-10-24,2020-01-26,The Hundred,8,Rory Burns,Bedser Stand,Train,2,No,No
FAN0241,31,Male,Surrey,None,Corporate,No,31,16,2,0,0,0,37,0,0,0,14.92,2022-02-15,2023-05-25,,,2022-12-10,2024-08-26,2014-05-09,All Formats,2,Jordan Clark,Bedser Stand,Bus,6,Yes,No
FAN0242,43,Male,Surrey,None,Casual,Yes,12,8,3,23,17,2,239,3,1,2,11.06,2023-08-22,2023-09-21,2022-05-07,2025-07-09,2020-03-28,2024-04-01,2018-07-26,The Hundred,1,Will Jacks,Peter May Stand,Walk,0,No,No
FAN0243,18,Male,Other,None,Avid,Yes,25,17,1,10,5,2,189,0,0,0,34.15,2018-08-02,2023-06-13,2022-09-11,2025-03-23,2019-02-25,2024-07-01,2015-08-11,All Formats,0,Jordan Clark,Pavilion,Walk,5,No,No
FAN0244,22,Non-binary,Yorkshire,None,Casual,Yes,49,31,8,17,7,1,235,0,1,0,45.98,2018-12-10,2024-02-14,2021-07-12,2025-02-11,2023-10-04,2025-07-14,2016-05-24,County Championship,3,Gus Atkinson,Peter May Stand,Bus,3,No,No
FAN0245,76,Male,Middlesex,None,Avid,No,8,4,1,0,0,0,15,4,1,1,14.96,2020-06-28,2023-09-19,,,2021-12-02,2025-11-14,2012-01-22,County Championship,3,Will Jacks,Pavilion,Train,1,No,No
FAN0246,25,Male,England,Surrey & England,Family,Yes,7,3,0,20,11,2,112,14,7,8,1643.12,2022-06-12,2026-04-04,2022-02-04,2026-04-29,2022-05-01,2026-05-01,2011-03-13,County Championship,19,Oli Pope,OCS Stand,Bus,2,Yes,No
FAN0247,28,Male,Other,None,Casual,No,17,3,0,0,0,0,80,3,0,0,42.71,2018-04-26,2023-11-25,,,2019-02-10,2025-01-02,2015-01-14,The Hundred,1,Gus Atkinson,Bedser Stand,Car,4,Yes,No
FAN0248,72,Male,Kent,None,Family,No,42,17,2,0,0,0,186,0,0,0,44.67,2018-06-06,2023-12-12,,,2023-04-20,2025-07-22,2013-02-01,All Formats,5,Oli Pope,OCS Stand,Walk,0,No,No
FAN0249,80,Male,Kent,Life Member,Family,No,23,12,4,0,0,0,246,8,6,7,1414.04,2023-01-12,2026-04-05,,,2018-11-21,2026-04-28,2020-07-09,The Hundred,13,Ben Foakes,Pavilion,Walk,5,No,No
FAN0250,27,Male,Other,Full Member,Casual,Yes,33,13,2,14,8,3,68,5,2,3,317.26,2019-09-05,2025-05-31,2024-01-29,2025-11-14,2023-12-02,2026-01-06,2014-11-02,T20,4,Jordan Clark,Peter May Stand,Bus,3,No,No
FAN0251,39,Male,Surrey,Full Member,Casual,No,6,3,0,0,0,0,230,7,4,3,248.13,2020-08-31,2025-10-04,,,2019-05-15,2026-04-12,2016-06-18,County Championship,6,Sam Curran,Peter May Stand,Train,1,No,No
FAN0252,50,Male,Surrey,Full Member,Family,No,38,6,1,0,0,0,174,9,6,4,376.0,2023-02-16,2026-02-03,,,2019-03-31,2025-09-22,2019-06-02,The Hundred,10,Oli Pope,Pavilion,Walk,14,Yes,No
FAN0253,70,Female,Yorkshire,Life Member,Family,Yes,8,2,0,14,6,2,247,9,7,5,795.76,2018-03-09,2025-11-26,2023-03-23,2026-03-28,2019-08-12,2026-03-24,2023-05-21,All Formats,18,Jordan Clark,OCS Stand,Car,7,No,No
FAN0254,30,Male,England,Full Member,Family,No,37,14,5,0,0,0,24,9,2,1,553.55,2021-12-16,2025-11-04,,,2022-09-03,2026-03-08,2010-01-13,T20,13,Jason Roy,OCS Stand,Train,2,No,No
FAN0255,41,Female,Surrey,Associate,Avid,Yes,11,3,1,12,2,1,297,4,1,1,55.5,2018-12-17,2024-05-20,2022-01-08,2026-02-07,2023-11-25,2025-06-26,2024-12-27,T20,1,Jamie Overton,OCS Stand,Car,5,Yes,No
FAN0256,56,Male,England,Full Member,Casual,No,43,7,2,0,0,0,130,5,4,5,453.55,2023-04-10,2026-02-13,,,2022-05-04,2026-01-19,2018-10-04,County Championship,7,Jamie Overton,Peter May Stand,Train,0,No,No
FAN0257,51,Male,England,Associate,Avid,Yes,18,3,1,25,6,2,84,4,1,0,185.93,2022-01-02,2025-08-30,2021-12-07,2025-11-10,2019-03-01,2025-03-01,2010-05-14,T20,6,Oli Pope,Peter May Stand,Train,2,No,Yes
FAN0258,39,Female,Warwickshire,Associate,Family,Yes,13,7,1,24,8,1,54,6,0,1,196.5,2018-07-01,2024-11-12,2023-01-23,2025-09-21,2019-12-19,2025-01-30,2012-12-28,All Formats,8,Oli Pope,Bedser Stand,Car,3,No,No
FAN0259,42,Female,Yorkshire,Associate,Casual,Yes,20,7,2,21,12,4,295,6,2,0,147.52,2020-01-17,2025-06-22,2020-05-09,2025-07-22,2018-06-01,2025-11-01,2020-09-25,County Championship,4,Gus Atkinson,Bedser Stand,Car,0,Yes,No
FAN0260,24,Male,Surrey,None,Casual,Yes,5,0,0,24,9,4,265,3,0,2,47.5,2020-03-28,2024-04-15,2021-10-08,2025-04-24,2023-10-13,2024-10-30,2010-12-25,County Championship,4,Sam Curran,Pavilion,Car,7,Yes,No
FAN0261,41,Non-binary,Surrey,Full Member,Avid,Yes,12,1,0,24,19,4,39,6,5,3,230.26,2020-11-03,2026-02-17,2024-03-22,2026-03-01,2021-03-17,2026-01-23,2020-08-14,T20,15,Rory Burns,OCS Stand,Train,1,No,No
FAN0262,41,Male,Surrey,None,Casual,No,31,11,3,0,0,0,133,1,0,0,17.96,2021-09-21,2023-12-19,,,2019-05-25,2024-11-30,2011-01-27,County Championship,3,Sam Curran,OCS Stand,Train,2,No,No
FAN0263,48,Male,Yorkshire,None,Family,Yes,18,3,0,16,8,2,220,2,2,1,0.44,2022-12-07,2023-10-22,2021-11-25,2025-06-26,2023-07-26,2024-07-20,2018-12-21,All Formats,2,Jordan Clark,Bedser Stand,Train,1,No,No
FAN0264,36,Non-binary,Warwickshire,None,Avid,Yes,20,10,1,3,2,0,177,4,0,0,49.06,2020-12-28,2024-03-25,2024-01-29,2025-02-24,2018-11-20,2024-09-27,2021-08-24,County Championship,4,Jordan Clark,OCS Stand,Car,22,No,No
FAN0265,52,Male,Other,Life Member,Avid,No,41,23,5,0,0,0,56,9,4,3,1402.73,2021-04-18,2026-01-14,,,2019-02-25,2026-04-20,2014-01-18,T20,15,Jason Roy,OCS Stand,Walk,1,No,No
FAN0266,60,Female,Surrey,Associate,Family,No,10,2,0,0,0,0,108,3,2,0,54.21,2021-04-25,2024-12-29,,,2023-01-01,2025-05-27,2024-10-28,T20,7,Will Jacks,Peter May Stand,Train,0,Yes,Yes
FAN0267,47,Male,Surrey,Full Member,Family,Yes,22,10,3,23,14,4,110,6,5,1,207.25,2022-12-24,2025-09-09,2022-07-04,2026-04-08,2021-12-15,2025-11-18,2013-09-27,All Formats,9,Oli Pope,Bedser Stand,Car,0,No,No
FAN0268,50,Female,Kent,Life Member,Avid,No,13,2,0,0,0,0,86,8,5,8,866.97,2018-08-23,2026-03-18,,,2022-07-22,2026-03-15,2016-02-28,All Formats,10,Rory Burns,Pavilion,Car,9,No,Yes
FAN0269,45,Male,Yorkshire,None,Avid,Yes,26,7,2,27,16,5,288,1,1,0,12.93,2019-08-08,2023-06-30,2023-10-20,2025-02-17,2018-05-23,2025-08-04,2010-09-13,T20,0,Jamie Overton,OCS Stand,Train,13,Yes,No
FAN0270,45,Male,Kent,Full Member,Corporate,No,19,12,2,0,0,0,60,6,2,4,538.77,2022-02-09,2025-09-03,,,2022-04-18,2025-08-24,2015-04-18,The Hundred,12,Jordan Clark,OCS Stand,Car,0,Yes,No
FAN0271,34,Male,Lancashire,Associate,Family,Yes,7,2,0,17,3,0,211,6,1,0,74.07,2019-09-21,2024-08-04,2022-01-29,2025-09-04,2022-12-24,2025-03-06,2010-09-23,T20,2,Gus Atkinson,Pavilion,Car,12,No,No
FAN0272,49,Male,Yorkshire,None,Casual,No,8,5,0,0,0,0,273,1,1,2,39.53,2019-07-18,2023-08-09,,,2022-02-12,2024-10-30,2022-11-15,County Championship,2,Gus Atkinson,Pavilion,Car,9,No,No
FAN0273,43,Male,Surrey,Full Member,Casual,No,43,10,3,0,0,0,238,6,3,1,421.78,2021-02-15,2025-10-31,,,2019-04-10,2026-04-18,2024-07-27,T20,14,Ben Foakes,Bedser Stand,Car,3,No,No
FAN0274,76,Male,Surrey,Life Member,Avid,No,7,2,0,0,0,0,239,7,5,6,877.39,2023-08-07,2025-11-25,,,2022-05-05,2026-01-04,2014-03-05,All Formats,8,Jamie Overton,OCS Stand,Car,3,Yes,No
FAN0275,68,Male,Surrey,None,Avid,No,40,15,2,0,0,0,47,2,0,1,7.29,2020-12-02,2023-05-12,,,2023-01-02,2025-05-06,2015-11-15,All Formats,4,Sam Curran,OCS Stand,Car,6,No,No
FAN0276,50,Male,England,Full Member,Family,No,46,17,3,0,0,0,39,8,3,8,599.08,2023-07-05,2025-11-25,,,2019-05-18,2026-03-21,2016-05-28,T20,4,Oli Pope,OCS Stand,Walk,10,Yes,Yes
FAN0277,33,Male,England,None,Avid,Yes,25,17,3,23,11,2,234,4,2,2,30.9,2019-12-09,2023-05-07,2022-06-30,2025-08-16,2021-08-02,2024-12-21,2020-02-21,County Championship,5,Jason Roy,Pavilion,Train,7,Yes,No
FAN0278,28,Female,Lancashire,Full Member,Avid,No,19,3,0,0,0,0,224,6,4,2,375.75,2021-04-04,2025-10-05,,,2019-10-08,2025-10-24,2011-06-16,T20,14,Jason Roy,Pavilion,Train,0,No,No
FAN0279,62,Female,Surrey,Full Member,Family,No,39,23,7,0,0,0,222,7,2,5,348.45,2019-12-15,2025-09-03,,,2023-09-15,2026-02-26,2024-04-21,County Championship,4,Dan Worrall,OCS Stand,Train,3,No,No
FAN0280,48,Female,Surrey,Full Member,Corporate,No,49,30,11,0,0,0,125,5,3,8,562.29,2019-07-23,2025-11-06,,,2023-07-17,2026-04-18,2014-07-05,T20,8,Rory Burns,Bedser Stand,Train,16,No,No
FAN0281,52,Male,Yorkshire,Full Member,Family,Yes,10,4,1,20,6,2,157,7,2,0,528.48,2022-02-20,2025-07-11,2024-07-03,2025-11-28,2019-06-16,2025-11-19,2022-06-05,T20,4,Jason Roy,Pavilion,Car,6,No,No
FAN0282,18,Female,Middlesex,None,Casual,Yes,48,14,3,4,0,0,4,2,0,0,40.56,2021-06-20,2023-10-16,2024-01-08,2025-01-27,2023-11-24,2024-10-17,2011-06-23,All Formats,3,Jamie Overton,OCS Stand,Car,10,No,No
FAN0283,58,Male,Surrey,Full Member,Casual,No,47,19,4,0,0,0,87,6,5,3,446.48,2018-10-30,2026-01-02,,,2021-07-22,2025-11-11,2022-11-23,T20,4,Ben Foakes,Bedser Stand,Car,8,No,Yes
FAN0284,51,Male,Middlesex,Full Member,Casual,Yes,11,3,1,23,15,1,158,6,3,3,555.18,2023-03-24,2025-06-16,2021-12-06,2026-03-17,2020-01-16,2025-10-10,2020-02-04,All Formats,5,Jason Roy,Pavilion,Train,6,No,No
FAN0285,28,Male,Warwickshire,Full Member,Casual,Yes,7,4,1,9,5,2,37,6,5,3,319.71,2023-08-22,2026-02-07,2024-08-29,2026-03-18,2023-10-24,2026-03-16,2019-09-15,T20,7,Dan Worrall,Pavilion,Train,5,No,No
FAN0286,37,Female,Yorkshire,None,Casual,Yes,37,14,2,7,3,1,39,0,0,0,35.19,2019-10-26,2023-11-23,2023-12-23,2025-06-06,2021-11-18,2024-06-28,2013-09-10,County Championship,2,Jamie Overton,Pavilion,Car,10,No,No
FAN0287,48,Male,Lancashire,Associate,Casual,No,8,5,2,0,0,0,13,2,1,4,110.67,2020-10-23,2025-04-20,,,2021-01-29,2026-01-26,2011-10-09,County Championship,5,Dan Worrall,OCS Stand,Train,9,No,No
FAN0288,45,Male,England,Associate,Casual,Yes,32,15,3,9,4,0,62,6,2,0,140.0,2023-12-26,2025-08-04,2022-10-26,2025-12-17,2019-09-24,2026-01-03,2023-10-13,All Formats,6,Rory Burns,Pavilion,Bus,6,No,No
FAN0289,40,Non-binary,Other,None,Family,Yes,7,2,0,28,15,3,297,6,0,0,49.91,2018-06-18,2024-04-22,2020-06-15,2025-09-06,2020-12-20,2025-05-10,2022-08-23,T20,4,Sam Curran,Bedser Stand,Car,0,No,No
FAN0290,43,Male,Surrey,None,Corporate,Yes,36,18,7,23,11,3,208,0,1,3,49.23,2018-05-05,2023-08-26,2024-12-25,2025-01-01,2021-04-01,2025-02-05,2019-05-06,T20,3,Jason Roy,OCS Stand,Train,7,No,No
FAN0291,41,Male,Warwickshire,Associate,Avid,No,15,6,1,0,0,0,284,0,1,1,126.89,2022-07-22,2025-01-07,,,2023-02-01,2026-02-22,2015-06-30,The Hundred,1,Ben Foakes,Bedser Stand,Train,4,No,Yes
FAN0292,47,Non-binary,Yorkshire,Full Member,Casual,No,9,5,0,0,0,0,77,4,5,2,429.55,2022-12-06,2025-08-07,,,2023-06-07,2025-12-27,2013-07-18,The Hundred,6,Will Jacks,OCS Stand,Train,3,Yes,No
FAN0293,67,Male,England,None,Avid,Yes,7,1,0,28,21,7,179,1,1,0,44.87,2019-08-12,2023-11-28,2024-10-30,2025-04-19,2021-11-15,2024-10-29,2017-08-18,The Hundred,1,Dan Worrall,Bedser Stand,Train,21,No,No
FAN0294,6,Male,England,Life Member,Casual,Yes,13,8,1,3,1,0,267,10,4,5,1485.64,2023-10-11,2025-11-14,2020-08-05,2026-03-18,2020-09-17,2026-03-02,2018-04-24,T20,8,Gus Atkinson,OCS Stand,Train,0,No,No
FAN0295,41,Female,Lancashire,Associate,Avid,No,29,17,5,0,0,0,105,4,3,0,166.79,2023-01-16,2025-02-27,,,2019-08-01,2026-02-10,2016-01-01,T20,1,Oli Pope,OCS Stand,Car,10,No,No
FAN0296,47,Female,Yorkshire,Full Member,Avid,Yes,8,4,0,3,1,0,197,6,3,4,226.07,2022-04-23,2025-08-05,2021-05-23,2026-03-09,2021-09-03,2025-08-28,2016-07-05,All Formats,12,Dan Worrall,Pavilion,Train,0,No,No
FAN0297,49,Male,England,Associate,Family,No,41,15,4,0,0,0,207,4,1,0,98.4,2020-02-17,2025-05-28,,,2023-08-03,2025-07-11,2017-01-05,The Hundred,8,Rory Burns,Bedser Stand,Walk,5,No,No
FAN0298,39,Male,Lancashire,Associate,Casual,Yes,32,19,7,16,8,2,249,1,2,3,184.48,2021-06-17,2024-06-16,2020-02-17,2026-01-26,2022-05-30,2025-07-16,2021-03-09,The Hundred,8,Jason Roy,Bedser Stand,Car,20,Yes,No
FAN0299,18,Male,Warwickshire,Full Member,Corporate,No,18,5,0,0,0,0,290,5,3,4,507.34,2020-05-31,2025-05-13,,,2021-12-16,2026-04-12,2015-05-27,T20,3,Jordan Clark,Pavilion,Bus,0,Yes,No
FAN0300,49,Male,Kent,Surrey & England,Avid,Yes,49,27,5,11,6,0,184,11,9,8,2484.47,2023-07-21,2026-03-29,2024-12-12,2026-04-10,2023-04-12,2026-04-18,2016-04-23,T20,25,Gus Atkinson,OCS Stand,Car,0,Yes,No
FAN0301,70,Male,Kent,Associate,Avid,No,34,6,1,0,0,0,174,0,2,4,150.19,2019-03-17,2024-08-23,,,2019-07-03,2025-01-04,2010-03-08,All Formats,5,Dan Worrall,Pavilion,Train,4,Yes,No
FAN0302,21,Male,England,Associate,Casual,Yes,35,9,2,7,4,1,260,0,2,1,112.29,2022-07-10,2024-10-29,2020-04-02,2025-08-20,2018-07-29,2025-06-13,2018-03-16,The Hundred,4,Gus Atkinson,Peter May Stand,Train,0,Yes,No
FAN0303,57,Female,Middlesex,Full Member,Avid,No,12,4,0,0,0,0,205,3,4,2,361.3,2021-03-28,2026-01-29,,,2022-05-02,2025-12-16,2018-02-17,T20,10,Sam Curran,OCS Stand,Train,10,No,No
FAN0304,40,Female,Surrey,Full Member,Avid,No,36,10,1,0,0,0,108,7,5,2,523.57,2021-02-19,2026-01-06,,,2019-06-12,2026-03-31,2022-05-02,All Formats,9,Will Jacks,Bedser Stand,Walk,1,Yes,No
FAN0305,44,Male,Warwickshire,None,Corporate,No,30,9,2,0,0,0,189,1,1,0,14.69,2021-10-20,2023-07-26,,,2022-02-06,2025-07-17,2018-05-16,County Championship,1,Ben Foakes,Pavilion,Car,8,No,Yes
FAN0306,29,Male,Surrey,Associate,Avid,Yes,49,29,8,9,2,0,164,4,3,1,152.72,2023-09-17,2024-09-22,2022-10-21,2026-02-21,2018-07-05,2026-03-12,2023-07-07,County Championship,3,Gus Atkinson,OCS Stand,Train,0,Yes,No
FAN0307,39,Male,Yorkshire,Associate,Avid,Yes,26,6,1,12,5,2,68,0,2,0,158.93,2023-04-25,2024-05-25,2022-07-24,2025-12-27,2023-10-13,2026-01-19,2017-06-21,County Championship,6,Dan Worrall,Bedser Stand,Train,0,No,No
FAN0308,64,Female,Surrey,Surrey & England,Casual,No,35,19,2,0,0,0,154,9,8,3,2689.11,2021-07-28,2026-04-26,,,2022-05-29,2026-03-28,2023-10-02,The Hundred,17,Dan Worrall,OCS Stand,Walk,3,No,No
FAN0309,53,Male,England,Associate,Casual,No,20,2,0,0,0,0,187,4,3,0,97.98,2021-10-09,2024-06-06,,,2023-09-19,2025-07-02,2023-04-26,County Championship,8,Rory Burns,Pavilion,Train,0,Yes,No
FAN0310,70,Male,Middlesex,Associate,Casual,Yes,6,3,0,13,7,2,271,0,1,2,161.28,2021-05-12,2024-07-09,2024-07-28,2026-03-05,2022-02-17,2025-10-13,2022-08-17,County Championship,2,Sam Curran,OCS Stand,Bus,14,No,No
FAN0311,62,Male,Kent,Surrey & England,Casual,Yes,10,5,1,17,6,2,174,14,8,8,1212.98,2021-06-14,2026-03-17,2024-01-25,2026-04-09,2018-04-20,2026-03-29,2019-05-06,The Hundred,23,Rory Burns,Bedser Stand,Walk,0,No,No
FAN0312,51,Male,Kent,Associate,Family,Yes,44,15,4,8,4,0,49,0,3,4,70.71,2020-07-21,2025-09-16,2023-04-10,2025-07-11,2019-11-30,2025-07-06,2015-12-16,T20,7,Dan Worrall,OCS Stand,Car,0,No,No
FAN0313,71,Female,Other,None,Avid,No,38,20,3,0,0,0,296,3,2,4,20.87,2020-09-19,2024-04-20,,,2019-03-27,2025-05-30,2013-04-25,All Formats,0,Gus Atkinson,OCS Stand,Walk,7,Yes,Yes
FAN0314,51,Female,Other,None,Casual,No,21,13,3,0,0,0,173,0,0,2,2.76,2021-07-08,2023-10-05,,,2019-09-13,2024-10-15,2019-11-22,County Championship,5,Dan Worrall,Bedser Stand,Bus,1,No,No
FAN0315,57,Male,Warwickshire,None,Family,No,36,20,7,0,0,0,86,3,0,3,47.38,2022-08-08,2023-08-24,,,2023-04-16,2025-10-09,2014-07-29,County Championship,5,Oli Pope,Peter May Stand,Car,0,No,No
FAN0316,40,Female,England,None,Family,No,5,1,0,0,0,0,226,7,2,2,45.09,2023-10-26,2024-01-21,,,2021-08-24,2024-08-09,2013-02-05,The Hundred,4,Sam Curran,OCS Stand,Train,17,No,No
FAN0317,45,Non-binary,Yorkshire,Associate,Casual,Yes,6,2,0,10,2,0,115,0,2,5,57.34,2021-07-09,2025-05-14,2022-07-30,2025-06-14,2021-11-03,2025-06-25,2018-06-14,The Hundred,6,Sam Curran,Pavilion,Car,0,Yes,No
FAN0318,34,Male,Warwickshire,Full Member,Casual,Yes,27,15,1,3,0,0,111,7,4,7,535.32,2020-12-18,2025-07-03,2021-01-28,2026-02-14,2021-02-16,2025-12-03,2024-06-05,County Championship,7,Jordan Clark,Peter May Stand,Train,3,Yes,No
FAN0319,59,Male,Surrey,Full Member,Avid,Yes,33,9,1,28,8,1,251,2,3,5,403.55,2021-05-04,2025-10-11,2023-12-14,2026-02-24,2023-06-26,2026-02-02,2015-01-17,The Hundred,10,Ben Foakes,Pavilion,Car,3,No,No
FAN0320,27,Male,England,None,Avid,No,47,27,3,0,0,0,260,2,1,2,35.1,2021-01-25,2023-12-11,,,2019-05-15,2024-05-03,2017-10-28,All Formats,5,Will Jacks,Pavilion,Train,9,No,No
FAN0321,56,Female,Middlesex,Full Member,Avid,Yes,39,11,3,24,10,1,157,5,3,3,554.77,2022-04-05,2025-08-17,2024-08-03,2026-01-20,2019-08-23,2026-02-09,2022-03-08,All Formats,3,Will Jacks,Peter May Stand,Train,7,Yes,No
FAN0322,42,Male,Kent,None,Family,Yes,16,9,3,27,9,4,111,1,0,0,28.85,2018-11-20,2023-11-11,2022-06-24,2025-05-21,2023-05-17,2025-05-06,2016-06-14,All Formats,1,Jordan Clark,Bedser Stand,Train,0,No,No
FAN0323,62,Male,Yorkshire,Surrey & England,Avid,Yes,41,6,0,24,10,3,258,10,8,7,1232.65,2021-01-15,2026-03-08,2023-02-25,2026-04-14,2021-01-17,2026-04-28,2022-01-30,T20,11,Oli Pope,Pavilion,Car,3,No,No
FAN0324,56,Male,Other,None,Family,Yes,27,3,0,25,10,2,51,3,1,2,0.13,2020-09-07,2024-01-03,2020-04-13,2025-01-01,2020-07-13,2025-04-17,2023-10-23,County Championship,0,Rory Burns,Peter May Stand,Train,3,Yes,No
FAN0325,72,Female,Yorkshire,Full Member,Avid,No,42,29,5,0,0,0,224,3,3,2,398.77,2022-08-20,2025-09-19,,,2023-04-19,2026-03-30,2012-03-31,County Championship,13,Jamie Overton,Bedser Stand,Train,9,Yes,No
FAN0326,55,Male,Surrey,Associate,Family,Yes,12,7,2,13,3,1,175,5,2,1,192.38,2018-01-22,2025-05-30,2022-04-13,2025-07-13,2023-05-10,2025-05-02,2013-01-31,T20,4,Ben Foakes,Bedser Stand,Train,0,No,No
FAN0327,21,Female,Surrey,Full Member,Family,Yes,6,3,1,23,13,5,256,5,5,0,429.05,2021-08-08,2025-10-12,2023-08-15,2026-04-03,2019-01-02,2025-11-09,2016-06-11,The Hundred,12,Sam Curran,Pavilion,Car,17,No,No
FAN0328,43,Male,Surrey,Associate,Avid,No,7,4,1,0,0,0,126,0,2,5,105.94,2018-06-02,2025-05-12,,,2022-09-08,2025-01-04,2015-03-18,County Championship,3,Ben Foakes,Peter May Stand,Car,0,No,No
FAN0329,27,Non-binary,England,Full Member,Avid,Yes,49,17,6,3,1,0,249,9,3,3,212.37,2022-06-15,2025-06-27,2021-01-16,2026-02-03,2018-06-03,2026-04-22,2010-10-25,T20,7,Dan Worrall,Peter May Stand,Train,4,No,No
FAN0330,37,Male,Middlesex,None,Avid,Yes,8,2,0,18,5,2,4,1,1,1,45.75,2019-03-16,2023-11-17,2021-08-05,2025-02-09,2023-11-18,2024-07-24,2022-09-27,T20,1,Oli Pope,Peter May Stand,Bus,0,Yes,No
FAN0331,67,Male,Middlesex,Life Member,Family,Yes,47,8,2,24,15,6,227,12,6,8,827.16,2023-04-02,2026-01-27,2021-01-29,2026-04-13,2021-09-16,2026-04-10,2021-04-23,T20,19,Jordan Clark,Bedser Stand,Car,0,No,Yes
FAN0332,54,Female,Surrey,Associate,Avid,No,37,14,3,0,0,0,20,5,0,2,155.72,2020-11-19,2025-05-01,,,2018-02-27,2025-03-19,2024-07-16,County Championship,6,Jordan Clark,Pavilion,Train,0,No,No
FAN0333,34,Non-binary,Surrey,Full Member,Casual,Yes,11,2,0,13,3,1,192,4,4,6,477.69,2020-03-02,2025-12-08,2023-06-05,2025-11-06,2022-07-19,2025-09-25,2016-08-13,The Hundred,9,Rory Burns,OCS Stand,Car,0,No,No
FAN0334,29,Male,Warwickshire,Life Member,Casual,No,43,28,10,0,0,0,58,8,6,3,753.88,2021-09-05,2026-03-15,,,2022-06-30,2026-02-04,2021-07-23,County Championship,8,Ben Foakes,OCS Stand,Train,2,No,No
FAN0335,45,Male,England,Surrey & England,Family,No,11,1,0,0,0,0,289,12,10,12,1127.56,2019-07-30,2026-04-06,,,2021-08-18,2026-04-21,2014-02-22,T20,8,Will Jacks,Peter May Stand,Car,0,No,No
FAN0336,26,Female,Kent,None,Casual,No,11,2,0,0,0,0,230,4,2,3,19.25,2022-04-21,2024-01-07,,,2023-01-04,2025-03-13,2015-11-07,T20,2,Will Jacks,Pavilion,Train,9,No,No
FAN0337,34,Female,Kent,None,Casual,Yes,30,7,2,12,6,1,31,2,1,1,15.86,2018-02-16,2023-12-25,2023-08-31,2025-03-29,2020-08-25,2025-10-09,2016-10-09,All Formats,5,Jamie Overton,OCS Stand,Car,0,No,No
FAN0338,49,Male,Lancashire,None,Corporate,No,17,3,1,0,0,0,267,1,1,3,35.01,2023-03-22,2023-12-01,,,2019-10-17,2024-10-22,2012-08-26,T20,5,Rory Burns,OCS Stand,Car,0,Yes,Yes
FAN0339,62,Male,England,None,Avid,Yes,18,4,1,15,5,2,75,1,1,0,40.99,2021-06-27,2023-05-19,2020-08-28,2024-11-06,2021-04-23,2024-11-30,2021-04-09,County Championship,4,Will Jacks,OCS Stand,Car,2,No,No
FAN0340,54,Female,Lancashire,Full Member,Family,Yes,13,6,1,4,2,0,163,5,2,3,288.98,2020-06-16,2025-12-29,2022-09-06,2026-03-10,2023-02-07,2025-10-15,2014-12-15,County Championship,12,Jamie Overton,Bedser Stand,Car,10,No,No
FAN0341,10,Female,Surrey,Surrey & England,Avid,Yes,32,9,3,10,7,0,25,14,6,10,2056.46,2022-08-31,2026-03-23,2023-01-29,2026-04-07,2023-04-13,2026-04-02,2018-05-19,County Championship,14,Dan Worrall,Bedser Stand,Train,6,No,No
FAN0342,49,Female,Yorkshire,Surrey & England,Casual,Yes,6,2,0,11,3,0,31,12,7,4,1081.22,2018-12-02,2026-04-03,2022-07-03,2026-04-20,2022-01-21,2026-05-02,2015-07-21,All Formats,11,Will Jacks,Pavilion,Bus,4,Yes,No
FAN0343,46,Male,England,Associate,Family,Yes,16,10,2,7,4,2,72,2,1,3,82.14,2023-09-02,2025-04-14,2023-03-18,2025-06-12,2019-09-06,2026-01-06,2011-05-21,The Hundred,6,Oli Pope,Bedser Stand,Train,0,No,No
FAN0344,51,Male,Kent,Full Member,Family,Yes,29,13,4,26,15,7,160,4,1,5,504.7,2022-12-15,2026-01-07,2023-10-25,2026-02-25,2023-06-26,2026-04-01,2021-09-02,All Formats,11,Dan Worrall,Pavilion,Bus,0,No,No
FAN0345,69,Non-binary,Kent,Life Member,Family,Yes,26,13,2,21,5,2,162,7,5,9,1293.4,2018-08-16,2025-12-11,2020-09-27,2026-02-21,2022-08-29,2026-03-03,2019-12-29,All Formats,6,Sam Curran,Peter May Stand,Train,0,No,Yes
FAN0346,14,Female,Surrey,Surrey & England,Avid,Yes,36,11,3,27,10,2,256,9,7,4,2552.81,2023-03-09,2026-03-24,2024-07-10,2026-04-27,2018-03-31,2026-04-11,2022-07-14,T20,16,Oli Pope,Peter May Stand,Car,12,No,No
FAN0347,36,Female,England,None,Casual,No,14,2,0,0,0,0,49,0,0,4,7.12,2020-06-11,2023-07-15,,,2018-10-27,2025-10-26,2010-01-25,T20,3,Gus Atkinson,OCS Stand,Car,8,Yes,Yes
FAN0348,53,Male,England,Associate,Casual,No,34,9,1,0,0,0,224,5,1,0,132.66,2018-09-19,2025-09-07,,,2018-10-10,2025-08-02,2017-09-23,County Championship,1,Will Jacks,Pavilion,Train,0,No,No
FAN0349,21,Male,Surrey,Life Member,Casual,Yes,39,26,6,27,15,3,1,8,5,5,922.71,2022-08-02,2026-02-19,2024-04-23,2026-04-10,2022-09-18,2026-03-14,2016-06-09,County Championship,17,Dan Worrall,Peter May Stand,Car,1,No,No
FAN0350,67,Female,England,Associate,Casual,No,22,10,4,0,0,0,87,4,3,0,198.72,2022-03-27,2024-10-19,,,2018-11-25,2025-04-16,2020-01-23,County Championship,3,Jason Roy,Bedser Stand,Walk,0,No,No
FAN0351,50,Male,Other,Associate,Casual,Yes,16,4,1,21,7,3,52,0,2,0,148.11,2021-11-25,2025-07-09,2020-12-31,2025-06-11,2022-05-29,2025-07-04,2024-08-28,T20,3,Oli Pope,Peter May Stand,Train,0,Yes,No
FAN0352,57,Non-binary,Surrey,Surrey & England,Casual,Yes,29,10,3,13,8,0,37,13,7,8,2870.4,2018-01-15,2026-03-19,2020-02-16,2026-04-27,2023-03-12,2026-04-02,2014-12-30,T20,21,Rory Burns,Pavilion,Train,7,Yes,No
FAN0353,36,Male,Middlesex,Surrey & England,Avid,Yes,31,18,4,16,8,2,175,11,7,5,1290.7,2022-04-03,2026-03-15,2021-04-15,2026-04-29,2023-03-02,2026-04-14,2021-12-06,County Championship,12,Ben Foakes,OCS Stand,Train,3,No,No
FAN0354,57,Female,Other,Life Member,Casual,Yes,9,4,1,16,8,2,270,8,5,7,950.87,2020-02-12,2026-03-09,2020-03-06,2026-03-05,2018-03-06,2026-03-31,2016-03-08,The Hundred,11,Oli Pope,Peter May Stand,Car,17,Yes,No
FAN0355,61,Female,England,Full Member,Avid,Yes,30,13,1,10,5,1,200,6,3,2,508.64,2019-02-18,2025-05-07,2020-03-09,2025-12-25,2018-07-19,2026-02-21,2011-07-06,The Hundred,14,Jamie Overton,Peter May Stand,Train,12,No,No
FAN0356,48,Male,Lancashire,None,Family,Yes,11,6,1,17,5,1,256,0,0,0,18.39,2022-07-06,2023-09-25,2021-04-24,2024-12-27,2020-06-08,2025-10-15,2010-12-29,All Formats,1,Oli Pope,Bedser Stand,Car,12,No,Yes
FAN0357,48,Male,Warwickshire,Associate,Casual,Yes,30,15,3,22,13,5,177,0,3,0,144.88,2021-03-30,2025-03-13,2024-07-28,2025-05-23,2021-07-30,2025-06-09,2021-04-20,T20,6,Sam Curran,Pavilion,Car,9,No,No
FAN0358,49,Male,Yorkshire,Associate,Avid,Yes,46,22,7,3,1,0,16,4,1,2,126.76,2021-05-21,2025-06-14,2023-09-14,2025-06-20,2020-06-24,2025-09-01,2015-04-25,County Championship,5,Ben Foakes,OCS Stand,Car,2,No,No
FAN0359,32,Male,Surrey,Full Member,Family,Yes,29,6,2,6,2,1,103,6,2,3,596.77,2018-09-07,2025-05-26,2023-04-26,2026-03-05,2022-10-16,2025-12-03,2016-03-04,All Formats,10,Dan Worrall,Bedser Stand,Car,8,No,No
FAN0360,42,Male,Surrey,Associate,Family,Yes,39,6,2,25,7,1,247,2,1,2,76.08,2021-11-11,2024-10-13,2024-05-28,2025-06-18,2021-07-29,2025-04-09,2011-01-20,The Hundred,7,Jason Roy,Bedser Stand,Train,2,Yes,No
FAN0361,42,Male,England,Full Member,Avid,Yes,18,12,3,18,10,3,13,4,4,5,574.14,2019-09-04,2025-10-05,2022-02-09,2026-03-02,2023-04-24,2026-02-22,2019-02-27,County Championship,6,Will Jacks,Bedser Stand,Car,14,Yes,No
FAN0362,50,Non-binary,Kent,Associate,Avid,Yes,46,21,4,29,16,6,29,0,0,4,110.24,2019-08-15,2024-07-21,2020-04-28,2025-05-30,2022-08-18,2025-08-30,2016-09-29,County Championship,3,Jordan Clark,OCS Stand,Car,7,Yes,No
FAN0363,59,Male,Other,Full Member,Avid,Yes,41,14,3,19,7,1,250,6,3,3,387.2,2020-09-21,2025-10-28,2021-02-20,2026-01-24,2018-11-20,2025-08-31,2018-09-17,T20,10,Rory Burns,Bedser Stand,Bus,6,Yes,No
FAN0364,29,Male,Other,Associate,Avid,Yes,46,20,5,20,14,2,18,6,2,0,129.29,2019-01-14,2024-05-08,2024-01-23,2025-12-06,2018-07-31,2025-11-14,2018-04-28,All Formats,7,Will Jacks,Bedser Stand,Bus,5,No,No
FAN0365,43,Male,England,Associate,Family,Yes,38,5,0,27,19,7,287,3,2,2,89.8,2018-06-11,2025-08-25,2021-01-20,2025-05-17,2020-06-07,2025-07-29,2023-07-27,The Hundred,4,Will Jacks,Peter May Stand,Train,15,No,No
FAN0366,67,Male,Lancashire,None,Corporate,Yes,34,20,5,20,5,0,227,0,3,1,48.18,2021-05-26,2024-04-29,2021-03-09,2025-06-24,2019-04-26,2024-08-08,2017-06-20,County Championship,1,Gus Atkinson,Bedser Stand,Train,0,Yes,No
FAN0367,33,Male,Surrey,None,Avid,No,28,6,2,0,0,0,199,1,2,0,45.57,2020-04-17,2023-10-16,,,2020-09-07,2024-05-25,2023-07-23,County Championship,2,Gus Atkinson,Bedser Stand,Walk,16,Yes,No
FAN0368,32,Male,Warwickshire,Life Member,Family,Yes,46,26,8,17,7,2,160,8,7,4,1472.91,2022-04-09,2025-12-08,2022-12-28,2026-03-13,2021-06-17,2026-03-28,2016-05-07,County Championship,16,Dan Worrall,Pavilion,Car,3,No,No
FAN0369,48,Female,England,Associate,Avid,Yes,43,18,6,9,7,3,26,4,4,0,199.54,2023-07-30,2024-07-18,2020-07-20,2025-07-16,2021-08-04,2024-12-18,2021-07-02,T20,4,Rory Burns,Bedser Stand,Train,0,Yes,No
FAN0370,57,Male,Other,None,Casual,Yes,23,6,1,12,4,1,124,2,1,0,33.49,2021-07-05,2023-10-08,2020-04-03,2024-12-15,2020-06-25,2025-07-15,2018-04-25,The Hundred,0,Jamie Overton,Bedser Stand,Car,0,No,Yes
FAN0371,45,Non-binary,Middlesex,Full Member,Family,No,8,0,0,0,0,0,242,0,4,2,380.67,2022-09-07,2025-10-07,,,2019-09-17,2026-03-05,2015-11-07,County Championship,8,Jamie Overton,Peter May Stand,Train,0,No,No
FAN0372,64,Male,England,Full Member,Casual,No,5,2,0,0,0,0,271,7,4,5,540.29,2022-04-05,2025-05-20,,,2020-10-03,2025-12-18,2015-02-28,T20,11,Jason Roy,Peter May Stand,Bus,8,Yes,No
FAN0373,57,Male,England,None,Avid,No,15,3,0,0,0,0,134,0,0,0,1.19,2021-10-14,2023-12-27,,,2023-06-25,2024-07-27,2024-09-06,County Championship,3,Rory Burns,OCS Stand,Walk,0,No,Yes
FAN0374,57,Female,Middlesex,Associate,Casual,No,7,0,0,0,0,0,251,0,2,0,175.16,2021-12-13,2025-05-18,,,2019-07-28,2025-03-28,2013-10-10,All Formats,8,Dan Worrall,Peter May Stand,Bus,6,Yes,No
FAN0375,53,Female,England,None,Corporate,Yes,14,7,1,11,5,1,232,1,0,0,24.86,2018-08-29,2023-08-12,2020-03-10,2025-08-22,2018-07-18,2025-12-05,2014-02-16,County Championship,3,Sam Curran,Peter May Stand,Train,11,No,No
FAN0376,79,Male,Kent,Full Member,Avid,No,9,2,0,0,0,0,17,6,4,3,469.29,2020-08-05,2026-02-01,,,2019-09-11,2026-04-22,2013-01-31,County Championship,6,Rory Burns,Bedser Stand,Train,0,No,No
FAN0377,41,Male,Warwickshire,None,Avid,Yes,49,16,5,22,11,2,186,0,0,0,18.7,2023-02-11,2023-10-28,2020-05-03,2024-11-17,2023-06-03,2024-07-30,2021-05-05,The Hundred,0,Jason Roy,Bedser Stand,Walk,3,No,No
FAN0378,14,Male,Yorkshire,None,Avid,No,9,2,0,0,0,0,184,2,0,0,18.43,2023-12-20,2024-01-19,,,2022-08-12,2025-11-29,2010-02-24,All Formats,0,Rory Burns,Bedser Stand,Train,0,No,No
FAN0379,69,Male,Surrey,None,Casual,Yes,33,20,4,22,14,1,162,3,1,0,1.59,2021-01-30,2023-08-06,2021-08-10,2025-09-21,2023-08-20,2024-09-27,2021-11-15,The Hundred,1,Will Jacks,Pavilion,Train,2,No,No
FAN0380,38,Male,Surrey,Full Member,Casual,Yes,20,5,0,14,6,2,231,6,3,3,369.52,2019-01-30,2025-06-12,2020-10-31,2026-02-16,2020-02-26,2025-11-17,2012-05-26,All Formats,11,Oli Pope,Pavilion,Car,20,No,Yes
FAN0381,46,Male,England,None,Family,No,12,2,0,0,0,0,266,0,0,1,20.42,2021-12-22,2023-12-22,,,2022-06-14,2025-09-22,2015-08-30,T20,2,Oli Pope,Peter May Stand,Train,9,No,No
FAN0382,64,Male,Other,Life Member,Family,Yes,36,10,2,14,4,1,165,7,4,4,724.79,2023-02-24,2025-11-13,2021-05-13,2026-03-30,2021-05-13,2026-02-02,2019-02-09,All Formats,7,Jamie Overton,Peter May Stand,Car,3,No,No
FAN0383,20,Male,Surrey,None,Family,No,48,10,2,0,0,0,96,3,0,3,12.37,2018-05-10,2024-03-20,,,2022-07-19,2024-11-18,2024-08-30,All Formats,3,Will Jacks,OCS Stand,Train,1,No,No
FAN0384,26,Non-binary,England,Full Member,Family,Yes,40,11,3,11,6,2,294,2,3,4,433.66,2023-05-04,2026-02-07,2023-07-28,2026-04-16,2019-12-03,2026-04-03,2022-05-25,County Championship,10,Dan Worrall,Peter May Stand,Car,4,No,No
FAN0385,20,Female,Surrey,Associate,Avid,No,48,7,0,0,0,0,289,5,2,0,97.67,2021-09-18,2025-08-02,,,2023-12-04,2024-12-16,2019-09-25,The Hundred,1,Jordan Clark,Pavilion,Train,5,Yes,No
FAN0386,33,Male,Other,Associate,Casual,No,31,6,2,0,0,0,205,2,2,2,174.54,2020-05-15,2024-07-09,,,2021-01-15,2026-03-08,2015-02-26,T20,2,Gus Atkinson,OCS Stand,Car,2,No,No
FAN0387,51,Male,England,None,Avid,Yes,35,12,1,20,5,0,192,1,2,1,5.57,2018-05-15,2024-02-05,2024-10-07,2025-04-21,2018-03-06,2025-05-13,2016-04-15,County Championship,4,Sam Curran,Peter May Stand,Car,8,No,No
FAN0388,52,Male,Warwickshire,Life Member,Casual,No,11,6,1,0,0,0,31,5,6,8,1077.64,2022-06-20,2026-03-18,,,2021-05-10,2026-04-10,2013-03-27,T20,12,Ben Foakes,OCS Stand,Train,0,Yes,No
FAN0389,49,Male,Lancashire,Life Member,Corporate,No,43,5,0,0,0,0,120,8,7,4,660.04,2022-05-13,2025-11-19,,,2021-09-20,2026-03-12,2022-09-17,T20,9,Ben Foakes,OCS Stand,Car,0,No,No
FAN0390,23,Female,Middlesex,None,Family,No,38,8,2,0,0,0,59,2,1,2,26.41,2023-08-14,2023-11-11,,,2018-08-08,2025-09-02,2011-10-05,All Formats,3,Dan Worrall,Pavilion,Bus,7,Yes,No
FAN0391,10,Female,Other,None,Corporate,Yes,16,10,1,19,9,3,154,0,1,1,27.63,2018-11-08,2023-11-14,2023-05-24,2024-11-19,2022-06-13,2025-01-11,2015-03-17,T20,0,Gus Atkinson,Pavilion,Train,0,No,No
FAN0392,45,Non-binary,Middlesex,Life Member,Casual,Yes,20,12,4,7,3,0,247,9,7,8,1142.3,2021-01-24,2025-12-12,2022-10-01,2026-03-29,2021-12-28,2026-02-19,2024-03-22,County Championship,17,Ben Foakes,OCS Stand,Car,9,No,No
FAN0393,37,Non-binary,Other,Associate,Casual,No,32,16,3,0,0,0,67,3,2,4,114.11,2020-01-31,2024-10-14,,,2018-12-18,2025-03-01,2019-09-08,County Championship,5,Ben Foakes,OCS Stand,Car,4,No,No
FAN0394,51,Non-binary,England,None,Casual,Yes,5,1,0,20,7,3,299,0,1,1,25.47,2018-10-29,2024-03-25,2021-07-02,2025-07-13,2022-04-06,2025-07-07,2015-07-12,County Championship,5,Jason Roy,Pavilion,Walk,0,No,No
FAN0395,55,Non-binary,Middlesex,None,Avid,Yes,41,14,2,29,19,5,38,3,2,0,9.05,2021-07-21,2023-11-04,2020-08-06,2025-08-14,2018-01-22,2025-01-30,2018-09-27,County Championship,3,Dan Worrall,OCS Stand,Train,5,Yes,No
FAN0396,47,Male,Kent,Full Member,Avid,Yes,17,3,0,29,18,2,29,1,1,5,385.21,2021-01-09,2026-01-14,2020-09-28,2026-03-27,2020-02-07,2026-01-04,2018-01-27,County Championship,10,Will Jacks,OCS Stand,Train,0,Yes,Yes
FAN0397,56,Male,Kent,Full Member,Casual,No,8,1,0,0,0,0,292,6,3,3,349.21,2023-09-30,2025-08-11,,,2019-02-28,2026-04-18,2022-06-29,The Hundred,4,Sam Curran,Peter May Stand,Car,9,No,No
FAN0398,48,Male,Warwickshire,Full Member,Avid,Yes,19,6,1,9,6,1,30,9,3,7,466.45,2019-01-17,2025-05-06,2023-05-09,2026-01-25,2022-04-27,2026-04-21,2017-12-09,All Formats,7,Ben Foakes,Bedser Stand,Train,3,No,No
FAN0399,52,Male,Other,Surrey & England,Corporate,No,42,18,4,0,0,0,220,14,9,8,1869.64,2022-05-08,2026-03-18,,,2018-12-13,2026-04-01,2019-04-13,County Championship,15,Ben Foakes,OCS Stand,Bus,16,No,No
FAN0400,34,Male,Lancashire,Associate,Avid,No,17,5,2,0,0,0,229,3,3,1,166.9,2023-11-05,2025-05-18,,,2022-04-09,2026-01-04,2022-10-30,All Formats,3,Dan Worrall,OCS Stand,Car,11,No,Yes
FAN0401,42,Female,Kent,Associate,Avid,Yes,29,13,4,27,8,2,99,2,0,1,113.9,2021-05-18,2025-02-06,2022-10-06,2025-12-29,2018-09-17,2026-01-05,2016-01-12,The Hundred,7,Oli Pope,Peter May Stand,Car,0,No,No
FAN0402,47,Male,Kent,Associate,Family,Yes,41,11,4,10,3,1,19,1,3,0,85.37,2022-09-21,2025-01-05,2022-09-18,2026-02-02,2022-01-19,2025-11-23,2016-03-10,The Hundred,4,Dan Worrall,Pavilion,Car,0,No,No
FAN0403,57,Male,Surrey,Associate,Avid,No,6,1,0,0,0,0,92,2,0,3,91.05,2023-07-24,2025-04-21,,,2023-02-19,2026-02-05,2024-01-08,T20,3,Ben Foakes,OCS Stand,Car,0,No,No
FAN0404,39,Male,Surrey,None,Corporate,Yes,39,22,7,20,9,4,20,2,0,0,2.26,2018-01-28,2023-10-17,2021-11-11,2024-11-16,2022-04-06,2025-01-08,2016-10-31,T20,3,Jason Roy,Bedser Stand,Train,0,No,No
FAN0405,52,Male,Surrey,None,Family,No,17,10,2,0,0,0,201,0,0,3,27.0,2022-10-30,2023-06-08,,,2019-07-12,2025-02-07,2017-07-05,All Formats,2,Dan Worrall,Peter May Stand,Bus,15,Yes,No
FAN0406,41,Male,England,Associate,Avid,No,36,10,2,0,0,0,266,4,1,0,174.63,2020-04-02,2024-07-05,,,2021-07-10,2025-12-31,2023-07-13,County Championship,7,Sam Curran,Pavilion,Bus,4,Yes,No
FAN0407,43,Female,England,Full Member,Family,No,13,5,2,0,0,0,299,10,2,4,507.64,2021-04-08,2025-06-29,,,2020-09-19,2026-01-31,2017-02-27,County Championship,9,Rory Burns,Bedser Stand,Walk,10,No,No
FAN0408,57,Male,Middlesex,None,Casual,Yes,11,2,0,16,10,4,240,1,1,3,21.89,2022-05-29,2023-11-02,2020-08-21,2024-12-15,2020-03-29,2024-04-14,2016-04-15,All Formats,4,Dan Worrall,Pavilion,Car,3,No,No
FAN0409,15,Female,Surrey,Associate,Family,No,40,5,1,0,0,0,232,0,2,0,79.42,2018-04-21,2024-07-23,,,2020-05-08,2025-08-19,2014-01-13,County Championship,5,Gus Atkinson,OCS Stand,Bus,3,No,Yes
FAN0410,25,Male,Other,Full Member,Family,No,41,22,7,0,0,0,264,3,5,8,545.39,2022-08-03,2025-06-25,,,2019-07-25,2025-11-13,2011-07-21,The Hundred,7,Jason Roy,Peter May Stand,Car,4,No,No
FAN0411,22,Male,Yorkshire,Full Member,Family,Yes,49,9,1,12,6,1,230,7,3,3,222.71,2020-10-31,2025-12-19,2024-01-04,2025-12-31,2022-03-25,2026-04-06,2015-06-06,County Championship,10,Ben Foakes,Peter May Stand,Car,11,No,No
FAN0412,9,Male,England,Full Member,Casual,No,35,12,3,0,0,0,195,5,3,4,359.69,2023-05-17,2025-05-13,,,2022-06-30,2025-12-09,2023-05-31,All Formats,11,Jamie Overton,Peter May Stand,Train,6,No,No
FAN0413,34,Female,England,Life Member,Casual,No,25,9,2,0,0,0,298,10,5,7,1356.62,2018-05-31,2026-01-04,,,2018-12-15,2026-04-17,2019-05-20,T20,12,Jason Roy,OCS Stand,Car,0,Yes,No
FAN0414,56,Female,Surrey,Full Member,Family,No,13,2,1,0,0,0,96,4,5,5,357.27,2021-12-25,2025-12-12,,,2018-07-01,2025-12-01,2024-10-01,T20,13,Dan Worrall,Bedser Stand,Walk,14,No,No
FAN0415,40,Male,Other,None,Corporate,Yes,18,2,0,20,5,0,123,3,0,1,5.89,2022-06-25,2023-11-19,2024-06-18,2025-02-21,2019-03-10,2025-12-01,2024-07-04,The Hundred,0,Rory Burns,Bedser Stand,Bus,3,Yes,No
FAN0416,47,Non-binary,Surrey,Associate,Casual,Yes,34,10,1,25,10,4,271,2,1,3,89.89,2020-06-28,2024-06-03,2024-03-09,2025-06-21,2020-06-24,2025-08-15,2015-10-21,T20,6,Jamie Overton,OCS Stand,Walk,2,No,No
FAN0417,61,Male,Kent,Full Member,Family,Yes,20,13,1,14,8,1,93,4,4,5,440.01,2023-03-12,2025-05-10,2023-11-15,2025-12-11,2019-09-10,2026-01-26,2018-10-10,All Formats,3,Jordan Clark,Peter May Stand,Walk,0,No,No
FAN0418,64,Female,Other,None,Casual,Yes,26,12,1,29,16,8,89,0,0,4,7.6,2019-03-05,2023-12-07,2022-05-01,2025-08-17,2019-04-21,2025-07-19,2020-10-29,The Hundred,2,Gus Atkinson,OCS Stand,Car,8,No,No
FAN0419,43,Male,Other,None,Family,Yes,12,3,0,15,4,0,45,0,0,2,32.75,2021-11-06,2023-09-16,2024-05-25,2025-06-16,2023-11-05,2024-08-04,2016-12-30,T20,2,Ben Foakes,Pavilion,Car,5,Yes,No
FAN0420,65,Male,Surrey,None,Corporate,No,24,2,0,0,0,0,82,5,0,4,21.91,2019-02-04,2023-09-25,,,2023-01-28,2025-01-19,2020-09-05,T20,0,Sam Curran,Peter May Stand,Walk,5,Yes,Yes
FAN0421,46,Female,England,Associate,Avid,Yes,15,6,2,26,6,2,178,2,1,3,100.16,2018-07-03,2025-07-13,2020-02-16,2025-09-19,2019-03-24,2025-04-19,2016-09-25,All Formats,3,Oli Pope,Bedser Stand,Train,2,No,No
FAN0422,32,Male,England,Associate,Avid,No,10,1,0,0,0,0,265,4,2,0,86.14,2023-10-15,2025-05-13,,,2019-10-18,2025-10-13,2015-06-22,The Hundred,7,Jason Roy,Bedser Stand,Bus,1,No,No
FAN0423,36,Male,England,None,Casual,Yes,10,4,1,26,20,8,40,0,1,6,41.17,2020-08-07,2023-10-12,2023-07-13,2025-06-27,2020-02-03,2024-09-25,2020-05-13,All Formats,3,Jordan Clark,Pavilion,Car,2,No,No
FAN0424,22,Male,England,Life Member,Casual,Yes,28,15,2,24,12,6,204,6,5,4,896.67,2020-03-19,2025-12-12,2023-04-27,2026-03-04,2022-05-12,2026-04-30,2010-08-28,T20,11,Jordan Clark,Peter May Stand,Car,7,Yes,No
FAN0425,31,Male,Yorkshire,Surrey & England,Casual,Yes,21,7,1,22,14,3,229,11,7,10,2476.96,2021-02-14,2026-03-19,2023-12-12,2026-04-11,2018-09-14,2026-03-31,2014-08-13,All Formats,11,Sam Curran,OCS Stand,Car,8,No,No
FAN0426,39,Female,Warwickshire,None,Avid,Yes,9,2,0,9,5,2,268,3,0,1,22.02,2020-02-05,2023-11-01,2021-10-29,2025-06-21,2023-02-18,2025-08-17,2022-01-16,County Championship,2,Jamie Overton,Bedser Stand,Train,3,Yes,No
FAN0427,57,Female,Kent,Surrey & England,Casual,No,28,3,1,0,0,0,225,10,7,10,1183.73,2023-12-02,2026-03-27,,,2021-07-07,2026-03-29,2020-12-23,The Hundred,20,Rory Burns,OCS Stand,Walk,10,No,No
FAN0428,70,Female,Yorkshire,None,Casual,No,12,1,0,0,0,0,46,0,0,0,22.03,2022-05-27,2023-07-11,,,2019-04-13,2024-12-20,2023-09-17,County Championship,2,Will Jacks,OCS Stand,Bus,4,No,No
FAN0429,24,Male,Surrey,Surrey & England,Casual,No,5,1,0,0,0,0,146,12,8,9,2015.38,2019-12-08,2026-03-15,,,2021-05-03,2026-03-28,2020-04-08,T20,10,Rory Burns,Bedser Stand,Car,1,No,No
FAN0430,50,Male,Middlesex,Surrey & England,Family,Yes,10,6,1,10,3,0,285,12,7,7,1915.68,2021-07-06,2026-04-29,2021-05-03,2026-04-27,2019-04-25,2026-04-25,2013-01-02,All Formats,19,Will Jacks,Pavilion,Train,6,No,No
FAN0431,29,Male,Yorkshire,None,Family,No,25,6,2,0,0,0,272,4,2,4,40.81,2023-09-24,2023-10-24,,,2022-09-10,2024-04-10,2013-03-04,All Formats,1,Ben Foakes,OCS Stand,Car,0,No,No
FAN0432,52,Male,Warwickshire,Full Member,Casual,Yes,47,20,2,23,7,3,183,6,4,4,564.34,2022-04-21,2025-08-03,2021-01-15,2025-12-15,2019-12-11,2025-12-03,2022-11-22,County Championship,5,Gus Atkinson,Peter May Stand,Car,6,No,No
FAN0433,43,Male,Other,Surrey & England,Family,No,15,7,2,0,0,0,288,13,9,9,2573.56,2021-03-29,2026-04-28,,,2020-02-06,2026-04-16,2020-12-25,All Formats,22,Jason Roy,Pavilion,Car,0,No,No
FAN0434,17,Non-binary,Surrey,Life Member,Casual,Yes,17,2,0,6,2,0,200,10,4,1,1082.78,2018-08-08,2026-01-05,2020-01-20,2026-02-24,2019-07-14,2026-04-06,2023-11-23,T20,17,Oli Pope,Peter May Stand,Train,0,No,No
FAN0435,58,Female,England,Surrey & England,Casual,Yes,15,2,0,23,7,2,19,9,7,7,2082.9,2023-09-02,2026-03-26,2022-10-10,2026-04-23,2023-07-08,2026-04-10,2022-08-06,T20,22,Oli Pope,OCS Stand,Train,0,No,No
FAN0436,35,Female,Surrey,Full Member,Casual,Yes,20,5,0,10,7,1,274,4,2,4,457.85,2019-11-17,2026-01-24,2023-03-03,2026-04-11,2020-06-22,2026-02-09,2020-12-17,T20,3,Ben Foakes,OCS Stand,Car,3,No,No
FAN0437,36,Male,Surrey,None,Avid,Yes,37,18,2,23,7,2,50,0,0,1,14.39,2020-07-09,2023-08-05,2021-08-14,2025-07-05,2023-02-17,2024-05-11,2016-03-01,County Championship,5,Dan Worrall,Pavilion,Train,14,No,No
FAN0438,28,Male,Other,Life Member,Avid,Yes,19,6,1,17,7,1,114,6,7,7,1311.85,2023-09-24,2026-03-09,2023-03-18,2026-04-13,2021-01-02,2026-01-21,2021-02-09,T20,16,Gus Atkinson,Bedser Stand,Walk,4,No,No
FAN0439,35,Male,Surrey,Full Member,Casual,No,34,18,2,0,0,0,71,7,5,3,542.74,2018-06-20,2025-07-25,,,2020-06-14,2026-01-06,2022-02-27,County Championship,4,Jordan Clark,Pavilion,Car,8,No,No
FAN0440,51,Male,Middlesex,Full Member,Family,No,45,27,8,0,0,0,215,6,2,4,306.89,2020-10-10,2025-10-06,,,2018-05-13,2025-12-30,2024-08-29,T20,7,Rory Burns,OCS Stand,Car,19,Yes,No
FAN0441,42,Male,Kent,Associate,Family,No,47,26,5,0,0,0,8,3,1,4,185.42,2018-12-23,2024-08-15,,,2019-04-26,2025-02-27,2017-10-26,The Hundred,4,Jason Roy,Bedser Stand,Train,7,Yes,No
FAN0442,49,Male,England,Full Member,Avid,Yes,30,20,4,25,12,1,192,0,3,0,539.49,2021-12-07,2025-07-31,2020-12-05,2025-11-12,2019-07-25,2025-10-06,2014-09-16,All Formats,6,Jamie Overton,Peter May Stand,Walk,0,No,No
FAN0443,50,Male,Surrey,None,Casual,No,37,20,2,0,0,0,259,5,1,2,21.22,2018-09-01,2023-07-20,,,2021-12-07,2024-06-14,2014-08-23,The Hundred,2,Jason Roy,OCS Stand,Walk,1,No,No
FAN0444,64,Non-binary,Lancashire,Full Member,Avid,Yes,46,28,7,29,9,1,236,4,2,3,563.6,2019-11-21,2025-09-23,2023-12-12,2026-02-03,2021-03-31,2025-11-29,2023-05-22,T20,7,Jason Roy,Pavilion,Car,5,No,No
FAN0445,39,Male,Lancashire,None,Family,Yes,40,23,3,23,4,2,92,5,0,0,6.02,2019-01-26,2024-02-27,2024-03-16,2025-03-03,2018-08-31,2025-03-03,2021-07-16,The Hundred,5,Rory Burns,Pavilion,Train,1,No,No
FAN0446,22,Non-binary,Surrey,Full Member,Family,Yes,18,9,2,5,2,0,269,3,4,4,211.19,2019-06-28,2025-10-31,2020-10-26,2026-01-26,2020-10-10,2025-10-12,2012-11-05,T20,13,Oli Pope,Bedser Stand,Bus,1,No,No
FAN0447,61,Male,Surrey,Life Member,Casual,Yes,10,5,0,3,1,0,108,7,4,8,847.87,2023-06-28,2026-03-01,2023-03-28,2026-02-06,2021-01-05,2026-02-09,2018-10-23,The Hundred,18,Gus Atkinson,OCS Stand,Car,10,Yes,No
FAN0448,40,Male,Lancashire,Associate,Casual,No,10,6,2,0,0,0,204,0,1,4,134.82,2023-01-26,2025-08-22,,,2019-01-17,2025-09-06,2018-06-01,County Championship,5,Ben Foakes,OCS Stand,Train,11,No,Yes
FAN0449,61,Male,England,Associate,Casual,Yes,44,16,5,3,1,0,152,3,2,1,102.72,2023-02-06,2024-06-26,2021-11-01,2025-05-20,2018-01-11,2025-01-11,2018-04-12,County Championship,2,Will Jacks,OCS Stand,Bus,0,No,No
FAN0450,50,Male,Other,Associate,Casual,Yes,30,14,2,12,6,2,20,0,2,3,191.31,2022-01-07,2025-09-04,2024-06-17,2025-06-13,2022-06-18,2025-12-10,2020-04-13,T20,7,Jamie Overton,Bedser Stand,Car,0,No,No
FAN0451,43,Male,England,Surrey & England,Family,No,18,7,0,0,0,0,0,9,7,9,1509.42,2023-07-20,2026-04-19,,,2021-08-15,2026-04-18,2014-10-02,All Formats,18,Ben Foakes,OCS Stand,Train,2,No,No
FAN0452,50,Male,England,Full Member,Family,Yes,20,12,2,15,5,2,54,3,3,3,312.49,2019-06-19,2025-05-22,2024-10-11,2025-12-15,2021-11-08,2025-09-08,2022-04-11,All Formats,13,Jason Roy,Bedser Stand,Walk,8,Yes,Yes
FAN0453,74,Non-binary,Kent,Associate,Casual,No,17,6,0,0,0,0,280,4,2,0,145.22,2018-07-08,2025-07-29,,,2023-02-26,2026-03-23,2011-02-01,The Hundred,2,Oli Pope,Pavilion,Car,11,Yes,No
FAN0454,76,Male,Kent,None,Casual,Yes,41,24,4,16,8,3,286,2,1,0,0.19,2022-12-13,2023-09-16,2020-01-02,2025-02-22,2020-04-08,2025-07-29,2013-07-18,All Formats,5,Jamie Overton,Pavilion,Train,21,No,No
FAN0455,46,Male,Kent,None,Avid,No,32,18,6,0,0,0,123,5,0,2,36.38,2019-10-14,2023-12-18,,,2019-01-18,2024-12-07,2016-10-08,All Formats,2,Jamie Overton,Peter May Stand,Train,2,No,No
FAN0456,47,Male,Surrey,Associate,Avid,No,44,29,8,0,0,0,290,1,2,1,106.62,2022-03-04,2025-05-22,,,2018-08-01,2025-09-10,2011-11-07,T20,5,Ben Foakes,Peter May Stand,Walk,2,Yes,No
FAN0457,61,Male,Other,Surrey & England,Avid,No,18,4,0,0,0,0,14,12,8,5,2955.5,2022-10-25,2026-03-26,,,2019-01-09,2026-04-30,2015-04-03,The Hundred,8,Rory Burns,Peter May Stand,Bus,8,No,No
FAN0458,32,Male,Kent,Full Member,Casual,No,26,13,3,0,0,0,290,3,5,0,476.57,2023-05-08,2026-01-27,,,2019-06-28,2025-11-24,2014-10-15,County Championship,6,Jamie Overton,Peter May Stand,Walk,0,No,No
FAN0459,49,Male,Kent,None,Corporate,No,10,5,0,0,0,0,69,0,1,2,2.61,2022-12-28,2024-05-02,,,2018-02-03,2024-12-25,2021-08-26,County Championship,0,Dan Worrall,OCS Stand,Car,4,No,No
FAN0460,44,Non-binary,Surrey,Life Member,Casual,No,48,31,12,0,0,0,11,7,7,4,592.63,2019-06-26,2025-12-05,,,2018-10-18,2026-04-01,2019-06-22,T20,17,Rory Burns,Peter May Stand,Walk,2,No,No
FAN0461,49,Female,England,Associate,Avid,Yes,28,18,1,21,7,0,227,3,1,2,63.23,2019-02-24,2025-07-25,2021-10-03,2025-09-06,2021-05-10,2026-01-20,2012-01-02,All Formats,7,Ben Foakes,OCS Stand,Bus,0,No,No
FAN0462,32,Female,Yorkshire,Life Member,Avid,Yes,29,12,4,15,5,1,114,11,5,8,1452.62,2019-08-09,2026-03-20,2022-12-22,2026-02-14,2018-02-04,2026-02-11,2012-12-26,The Hundred,10,Sam Curran,Pavilion,Train,5,Yes,No
FAN0463,21,Male,Surrey,None,Casual,No,23,10,3,0,0,0,87,3,0,0,34.2,2021-12-09,2024-01-18,,,2019-09-13,2024-10-16,2019-11-15,T20,4,Jason Roy,Bedser Stand,Train,3,Yes,No
FAN0464,13,Male,Yorkshire,Full Member,Family,Yes,17,3,0,19,7,3,227,4,3,3,371.04,2020-06-08,2026-01-22,2020-07-24,2026-03-14,2019-05-20,2025-11-25,2019-12-04,County Championship,14,Jason Roy,Bedser Stand,Car,12,No,No
FAN0465,28,Non-binary,England,Surrey & England,Casual,Yes,47,32,4,24,9,4,99,13,6,7,1400.97,2021-12-10,2026-04-09,2021-10-06,2026-04-11,2019-07-27,2026-04-21,2018-08-12,County Championship,16,Will Jacks,Bedser Stand,Walk,5,No,Yes
FAN0466,38,Male,Other,None,Family,Yes,27,6,1,15,8,3,225,1,2,1,43.68,2018-12-12,2023-12-31,2023-02-07,2024-11-26,2021-03-13,2025-11-14,2024-06-16,The Hundred,5,Sam Curran,Bedser Stand,Car,0,No,Yes
FAN0467,40,Male,Kent,Full Member,Family,Yes,35,18,6,3,0,0,58,5,4,6,280.62,2020-04-21,2025-06-15,2023-05-27,2025-12-09,2020-02-12,2025-10-15,2016-10-07,All Formats,9,Dan Worrall,Pavilion,Car,3,Yes,No
FAN0468,74,Male,Warwickshire,Surrey & England,Avid,Yes,6,3,0,6,4,1,25,10,7,5,2413.36,2018-08-12,2026-03-17,2024-06-13,2026-04-06,2020-09-07,2026-04-05,2016-08-18,County Championship,20,Dan Worrall,Bedser Stand,Bus,0,No,No
FAN0469,61,Female,Kent,None,Casual,No,17,6,1,0,0,0,97,0,1,2,38.17,2020-09-14,2023-08-25,,,2018-10-18,2024-06-19,2012-07-12,County Championship,0,Will Jacks,Pavilion,Bus,0,No,No
FAN0470,30,Male,England,None,Corporate,No,41,9,3,0,0,0,182,4,1,3,14.73,2021-07-20,2024-02-29,,,2022-05-04,2024-05-08,2018-02-06,County Championship,3,Oli Pope,Pavilion,Bus,8,No,No
FAN0471,50,Female,Middlesex,Full Member,Casual,No,8,1,0,0,0,0,67,6,4,3,401.97,2019-12-09,2025-07-09,,,2018-10-26,2026-04-20,2018-03-13,County Championship,12,Jason Roy,Bedser Stand,Train,3,No,No
FAN0472,38,Female,Yorkshire,Associate,Avid,Yes,9,5,1,14,8,1,42,3,0,1,83.45,2018-02-26,2025-02-12,2021-03-17,2026-02-21,2018-09-05,2025-02-20,2011-07-08,County Championship,7,Dan Worrall,Bedser Stand,Car,10,Yes,Yes
FAN0473,40,Male,Middlesex,None,Corporate,Yes,41,16,4,26,10,2,224,0,0,1,18.95,2021-03-19,2023-06-20,2023-12-30,2025-01-16,2022-08-29,2024-10-04,2021-05-13,T20,5,Jason Roy,Pavilion,Train,0,No,No
FAN0474,47,Non-binary,Surrey,Associate,Family,No,18,2,0,0,0,0,147,7,1,2,194.77,2018-12-04,2024-05-07,,,2019-09-18,2025-11-09,2019-01-09,T20,2,Oli Pope,OCS Stand,Car,3,No,No
FAN0475,54,Male,Yorkshire,Full Member,Casual,Yes,17,9,1,13,4,0,129,8,4,5,477.26,2018-11-20,2025-06-19,2021-02-20,2026-03-10,2021-08-31,2026-01-14,2016-12-13,County Championship,12,Oli Pope,Pavilion,Walk,2,No,No
FAN0476,39,Male,Warwickshire,None,Casual,No,30,7,2,0,0,0,71,0,0,2,42.33,2018-09-28,2023-11-30,,,2022-11-27,2025-04-11,2024-03-24,All Formats,0,Gus Atkinson,Pavilion,Train,10,No,No
FAN0477,60,Male,Yorkshire,Associate,Avid,Yes,13,8,0,6,2,0,5,2,0,0,131.09,2018-12-20,2024-08-20,2020-08-25,2025-07-24,2018-08-14,2025-10-24,2015-06-26,County Championship,3,Sam Curran,OCS Stand,Train,9,No,No
FAN0478,27,Non-binary,Surrey,Life Member,Family,No,6,1,0,0,0,0,15,8,4,7,739.04,2018-02-21,2026-03-02,,,2018-02-16,2026-04-10,2012-09-05,T20,20,Gus Atkinson,OCS Stand,Car,8,Yes,Yes
FAN0479,45,Male,Lancashire,Associate,Casual,Yes,5,1,0,23,13,2,204,3,1,4,156.93,2023-11-13,2024-05-27,2024-05-22,2025-11-01,2019-11-15,2025-09-22,2017-10-11,The Hundred,3,Sam Curran,Peter May Stand,Train,14,No,No
FAN0480,80,Male,Lancashire,Life Member,Avid,No,8,1,0,0,0,0,24,7,6,6,1000.57,2019-04-29,2026-03-30,,,2021-10-04,2026-01-17,2016-01-11,All Formats,18,Gus Atkinson,Pavilion,Walk,2,No,No
FAN0481,48,Male,Other,Associate,Family,No,12,4,0,0,0,0,74,3,3,0,76.53,2023-11-16,2025-09-03,,,2020-12-13,2025-04-01,2016-02-07,County Championship,2,Ben Foakes,Bedser Stand,Train,13,No,Yes
FAN0482,66,Male,Surrey,Surrey & England,Corporate,Yes,36,13,2,16,10,1,273,14,8,7,1824.86,2023-02-08,2026-04-04,2022-01-07,2026-05-05,2023-08-09,2026-03-31,2021-02-16,T20,13,Oli Pope,OCS Stand,Car,0,No,No
FAN0483,46,Male,Surrey,Full Member,Family,No,18,9,2,0,0,0,103,3,4,4,453.94,2019-10-07,2025-10-28,,,2019-02-26,2025-09-08,2018-04-01,The Hundred,12,Dan Worrall,Peter May Stand,Car,0,No,No
FAN0484,53,Male,Middlesex,None,Avid,Yes,8,3,1,26,5,2,223,0,0,0,36.77,2020-07-24,2023-08-20,2020-01-06,2025-09-07,2018-02-20,2025-04-05,2012-08-02,County Championship,0,Oli Pope,OCS Stand,Car,9,No,No
FAN0485,44,Male,Kent,Life Member,Avid,No,5,1,0,0,0,0,102,8,7,5,743.22,2022-01-30,2025-12-29,,,2019-09-07,2026-04-08,2020-07-31,The Hundred,6,Ben Foakes,Pavilion,Car,0,Yes,No
FAN0486,42,Non-binary,Lancashire,Associate,Corporate,No,26,6,0,0,0,0,279,2,1,0,181.4,2022-09-14,2025-03-23,,,2021-08-11,2025-11-24,2022-05-27,T20,7,Oli Pope,Peter May Stand,Bus,8,No,No
FAN0487,33,Male,Kent,None,Corporate,Yes,42,11,2,18,10,2,246,5,0,2,18.98,2021-01-16,2024-03-28,2023-03-16,2025-03-23,2019-05-05,2024-07-15,2017-03-05,T20,5,Will Jacks,OCS Stand,Train,5,Yes,No
FAN0488,51,Female,Surrey,None,Casual,Yes,20,13,5,6,3,1,140,3,0,1,13.56,2020-01-05,2024-01-13,2024-07-05,2025-01-08,2018-07-08,2024-10-27,2011-03-08,County Championship,0,Jamie Overton,Bedser Stand,Car,11,Yes,No
FAN0489,32,Male,Lancashire,Full Member,Casual,No,7,1,0,0,0,0,205,7,5,0,278.05,2021-03-02,2025-09-29,,,2021-09-02,2026-04-02,2020-06-07,The Hundred,11,Sam Curran,Peter May Stand,Walk,4,No,No
FAN0490,54,Female,England,None,Casual,Yes,15,10,4,11,3,0,123,0,1,1,40.21,2018-02-02,2023-10-31,2021-02-14,2025-05-03,2021-05-29,2025-04-07,2020-03-30,County Championship,3,Gus Atkinson,OCS Stand,Car,5,No,No
FAN0491,61,Male,England,None,Casual,No,27,7,2,0,0,0,283,0,0,0,17.71,2023-07-14,2024-01-27,,,2020-10-01,2025-07-10,2018-04-05,T20,0,Will Jacks,OCS Stand,Car,8,No,No
FAN0492,50,Male,Yorkshire,None,Avid,No,13,1,0,0,0,0,107,0,0,2,24.17,2018-04-08,2024-01-08,,,2021-11-19,2025-12-02,2019-03-14,County Championship,2,Oli Pope,Peter May Stand,Train,1,No,Yes
FAN0493,40,Non-binary,Lancashire,Associate,Avid,No,49,12,4,0,0,0,250,4,2,1,83.42,2022-03-22,2024-12-28,,,2019-03-02,2025-12-16,2010-01-12,The Hundred,4,Jordan Clark,Pavilion,Car,0,No,Yes
FAN0494,51,Male,Warwickshire,Associate,Avid,Yes,39,5,1,11,3,0,184,3,1,0,152.91,2023-07-09,2025-09-07,2020-10-18,2025-10-21,2019-01-17,2026-03-09,2019-06-02,T20,4,Ben Foakes,Peter May Stand,Train,7,No,No
FAN0495,40,Male,Surrey,Associate,Family,No,20,11,2,0,0,0,193,5,1,0,167.16,2022-08-19,2024-10-22,,,2023-02-21,2025-03-14,2021-08-28,The Hundred,2,Jason Roy,Peter May Stand,Walk,4,No,No
FAN0496,59,Female,England,None,Avid,No,47,19,4,0,0,0,105,1,0,0,16.97,2019-01-27,2023-08-22,,,2019-07-01,2024-11-03,2023-01-10,The Hundred,0,Will Jacks,Peter May Stand,Bus,2,No,No
FAN0497,17,Female,Other,None,Avid,Yes,19,5,1,29,14,2,249,1,1,1,47.25,2018-09-13,2023-09-27,2023-09-18,2025-07-25,2020-08-27,2025-02-16,2023-04-11,County Championship,2,Will Jacks,Peter May Stand,Car,4,No,No
FAN0498,39,Male,England,Full Member,Casual,Yes,11,5,1,9,5,0,223,6,3,4,212.24,2022-05-29,2025-09-21,2021-10-13,2025-12-24,2021-01-18,2026-02-24,2017-01-24,All Formats,4,Sam Curran,Peter May Stand,Train,14,No,No
FAN0499,15,Male,England,Associate,Avid,Yes,47,22,7,22,10,3,244,4,1,1,69.94,2019-07-12,2025-07-19,2020-11-14,2026-01-18,2019-11-05,2025-08-13,2014-07-19,All Formats,8,Jordan Clark,Pavilion,Car,2,No,Yes
FAN0500,22,Female,Surrey,Full Member,Avid,Yes,48,31,12,5,3,1,240,3,2,3,435.51,2022-07-24,2026-01-05,2023-01-02,2026-01-17,2020-04-30,2025-12-30,2017-01-16,County Championship,7,Ben Foakes,Peter May Stand,Train,2,Yes,No
